name,url,price,texture
Acacia Log,https://minecraft-heads.com/custom-heads/blocks/1659-acacia-log,1,eyJ0ZXh0dXJlcyI6eyJTS0lOIjp7InVybCI6Imh0dHA6Ly90ZXh0dXJlcy5taW5lY3JhZnQubmV0L3RleHR1cmUvZTY2NjlmZTJkYmY3ODc5MmEzZTE5MTYyMmE4ZWQxZjllYjgwM2Y4ODI2YzliOTQ5ZDBkYzE1YTUxYzU5MzkxIn19fQ==
Acacia Log (rounded - sideways),https://minecraft-heads.com/custom-heads/blocks/1922-acacia-log-rounded,1,eyJ0ZXh0dXJlcyI6eyJTS0lOIjp7InVybCI6Imh0dHA6Ly90ZXh0dXJlcy5taW5lY3JhZnQubmV0L3RleHR1cmUvNzg4NzI1MzdiNmNlNTc0NjU5ZGMxNzZhMWQ4ZGZlOWMxZTU5OWY2ZjE0MWMxODIyNjI4MzQ3ZGQ1MzhiOWUyIn19fQ==
Acacia Log (rounded),https://minecraft-heads.com/custom-heads/blocks/1928-acacia-log-rounded,1,eyJ0ZXh0dXJlcyI6eyJTS0lOIjp7InVybCI6Imh0dHA6Ly90ZXh0dXJlcy5taW5lY3JhZnQubmV0L3RleHR1cmUvZmRlZjFlZjc4ODFkYTQzOWUzM2ZjMTg3MzBjMzkxNWJhY2VlODVjNDEwNWU2OGQxYjQxMGEyNDk5ZDViYjJkYiJ9fX0=
Acacia Planks,https://minecraft-heads.com/custom-heads/blocks/29423-acacia-planks,1,eyJ0ZXh0dXJlcyI6eyJTS0lOIjp7InVybCI6Imh0dHA6Ly90ZXh0dXJlcy5taW5lY3JhZnQubmV0L3RleHR1cmUvYjhhYzM5OWUwYzY0Y2FmNTk5YjBkMmYyYWE0ZDcxMWNiZDBkNjU2NTNhYWY5NmFlYmQxN2JhNjI2NjhmNmQyOCJ9fX0=
Ancient Debris,https://minecraft-heads.com/custom-heads/blocks/34772-ancient-debris,1,eyJ0ZXh0dXJlcyI6eyJTS0lOIjp7InVybCI6Imh0dHA6Ly90ZXh0dXJlcy5taW5lY3JhZnQubmV0L3RleHR1cmUvZmI0NzMxMDE3ZThjYTI0ODBlM2RmYTA0ZjE4OTIzYzM4NWQ1ZTNjYWZiYzA3ZDdkOWU0OTczYzgyNjQ2OTA3OCJ9fX0=
Andesite,https://minecraft-heads.com/custom-heads/blocks/29444-andesite,1,eyJ0ZXh0dXJlcyI6eyJTS0lOIjp7InVybCI6Imh0dHA6Ly90ZXh0dXJlcy5taW5lY3JhZnQubmV0L3RleHR1cmUvYWRiN2JmMDU5YTYyZDI3YjFlMWUyZjM0Mzk0ZjNmMzhlZDhjZGE0NTQ3MWY2ZjRkNWI0N2MzOTEyZDE4MTEzNSJ9fX0=
Apple,https://minecraft-heads.com/custom-heads/plants/4570-apple,1,eyJ0ZXh0dXJlcyI6eyJTS0lOIjp7InVybCI6Imh0dHA6Ly90ZXh0dXJlcy5taW5lY3JhZnQubmV0L3RleHR1cmUvOTIxMTI3ZDIyNjc1YzVjNzY5YTBjMDhiNTcyMDE4ZDI5OWM4MzA0NmY4ZTFmOTQzZWQ5ZDUxYmUwM2IwNyJ9fX0=
Barrier,https://minecraft-heads.com/custom-heads/blocks/36076-barrier,1,eyJ0ZXh0dXJlcyI6eyJTS0lOIjp7InVybCI6Imh0dHA6Ly90ZXh0dXJlcy5taW5lY3JhZnQubmV0L3RleHR1cmUvYWZkMjQwMDAwMmFkOWZiYmJkMDA2Njk0MWViNWIxYTM4NGFiOWIwZTQ4YTE3OGVlOTZlNGQxMjlhNTIwODY1NCJ9fX0=
Bedrock,https://minecraft-heads.com/custom-heads/blocks/26892-bedrock,1,eyJ0ZXh0dXJlcyI6eyJTS0lOIjp7InVybCI6Imh0dHA6Ly90ZXh0dXJlcy5taW5lY3JhZnQubmV0L3RleHR1cmUvYzQ5NGEzMGEyNzk5ZWJmYmM4YWQ3NzZiOTM4N2YzZTlkMTc5OWJiYTg5MDAwMTNhYzk5MmRiMWZiYWQ0MWNlNyJ9fX0=
Birch Log,https://minecraft-heads.com/custom-heads/blocks/1658-birch-log,1,eyJ0ZXh0dXJlcyI6eyJTS0lOIjp7InVybCI6Imh0dHA6Ly90ZXh0dXJlcy5taW5lY3JhZnQubmV0L3RleHR1cmUvYTk5MWYzYjczZWJiOWRlYzkxZWRkYzgzNjFjYTJmZWNmNTI4MGQyYzczM2VkYTllY2I2OTVmODNkMTU4MCJ9fX0=
Birch Log (rounded - sideways),https://minecraft-heads.com/custom-heads/blocks/1923-birch-log-rounded,1,eyJ0ZXh0dXJlcyI6eyJTS0lOIjp7InVybCI6Imh0dHA6Ly90ZXh0dXJlcy5taW5lY3JhZnQubmV0L3RleHR1cmUvODJkMWE3ZWZlNWQ5ZmFmY2U0N2UxZDg5ODZiYjZlZjVjZTY0Njk1ZjA2N2Y4YWM5ZGZiYzIzYjVmYjU3MiJ9fX0=
Birch Log (rounded),https://minecraft-heads.com/custom-heads/blocks/1929-birch-log-rounded,1,eyJ0ZXh0dXJlcyI6eyJTS0lOIjp7InVybCI6Imh0dHA6Ly90ZXh0dXJlcy5taW5lY3JhZnQubmV0L3RleHR1cmUvMzRkODkxOGU3ODk0NTRjYWNkNjYzOWE0ODA1OWE1Y2U3NzlmMmQ5ZWZhZGUzNjMzOThmNGRmZDUxMjg2MzQifX19
Birch Planks,https://minecraft-heads.com/custom-heads/blocks/29416-birch-planks,1,eyJ0ZXh0dXJlcyI6eyJTS0lOIjp7InVybCI6Imh0dHA6Ly90ZXh0dXJlcy5taW5lY3JhZnQubmV0L3RleHR1cmUvZmMxMTEzNzUyZjk0ZjYyYmMwZTFkYzY1M2EwM2FlNzc0NjNjNzYyZDAxMTgxNzg5YWU4ODkzYjQyZDBhZmQ4NyJ9fX0=
Blackstone,https://minecraft-heads.com/custom-heads/blocks/36111-blackstone,1,eyJ0ZXh0dXJlcyI6eyJTS0lOIjp7ImlkIjoiY2Y0M2Q1MzM2YzQzNGQzOWJiMjExZjFiM2U3MDgzNTIiLCJ0eXBlIjoiU0tJTiIsInVybCI6Imh0dHA6Ly90ZXh0dXJlcy5taW5lY3JhZnQubmV0L3RleHR1cmUvMThmODJjNTRjOTdlNzFlZGFkZTY5MmQ0NzUzZGY1NjAxMzI5Nzk0ZWM1MGFmMWRmNWZmYmMxMDM0ZWM5YmIyNyIsInByb2ZpbGVJZCI6IjgwMThhYjAwYjJhZTQ0Y2FhYzliZjYwZWY5MGY0NWU1IiwidGV4dHVyZUlkIjoiMThmODJjNTRjOTdlNzFlZGFkZTY5MmQ0NzUzZGY1NjAxMzI5Nzk0ZWM1MGFmMWRmNWZmYmMxMDM0ZWM5YmIyNyJ9fSwic2tpbiI6eyJpZCI6ImNmNDNkNTMzNmM0MzRkMzliYjIxMWYxYjNlNzA4MzUyIiwidHlwZSI6IlNLSU4iLCJ1cmwiOiJodHRwOi8vdGV4dHVyZXMubWluZWNyYWZ0Lm5ldC90ZXh0dXJlLzE4ZjgyYzU0Yzk3ZTcxZWRhZGU2OTJkNDc1M2RmNTYwMTMyOTc5NGVjNTBhZjFkZjVmZmJjMTAzNGVjOWJiMjciLCJwcm9maWxlSWQiOiI4MDE4YWIwMGIyYWU0NGNhYWM5YmY2MGVmOTBmNDVlNSIsInRleHR1cmVJZCI6IjE4ZjgyYzU0Yzk3ZTcxZWRhZGU2OTJkNDc1M2RmNTYwMTMyOTc5NGVjNTBhZjFkZjVmZmJjMTAzNGVjOWJiMjcifSwiY2FwZSI6bnVsbH0=
Blackstone Bricks,https://minecraft-heads.com/custom-heads/blocks/38197-blackstone-bricks,1,eyJ0ZXh0dXJlcyI6eyJTS0lOIjp7InVybCI6Imh0dHA6Ly90ZXh0dXJlcy5taW5lY3JhZnQubmV0L3RleHR1cmUvNzUxYjk0ZjE4OTU3MmE2Njc5NTUzNDE2MzQ5MmQyYTdjMmE3Mjg5YWZjNjNhZGUwNTJmMTFkYWNjNzVhNzQzIn19fQ==
Block of Netherite,https://minecraft-heads.com/custom-heads/blocks/38517-block-of-netherite,1,eyJ0ZXh0dXJlcyI6eyJTS0lOIjp7InVybCI6Imh0dHA6Ly90ZXh0dXJlcy5taW5lY3JhZnQubmV0L3RleHR1cmUvMjc5NTdmODk1ZDdiYzUzNDIzYTM1YWFjNTlkNTg0YjQxY2MzMGUwNDAyNjljOTU1ZTQ1MWZlNjgwYTFjYzA0OSJ9fX0=
Blue Ice,https://minecraft-heads.com/custom-heads/blocks/21530-blue-ice,1,eyJ0ZXh0dXJlcyI6eyJTS0lOIjp7InVybCI6Imh0dHA6Ly90ZXh0dXJlcy5taW5lY3JhZnQubmV0L3RleHR1cmUvNTgxYjRmNWYzZDk5NjcyYWIxYTM5ZjVmNDEwYmQ0ZDRmZDkyNTQ4ZTA3ZDE3YmRmMGQ0ZjFmNTdkY2ViYjVjZiJ9fX0=
Bone Block,https://minecraft-heads.com/custom-heads/blocks/37487-bone-block,1,eyJ0ZXh0dXJlcyI6eyJTS0lOIjp7InVybCI6Imh0dHA6Ly90ZXh0dXJlcy5taW5lY3JhZnQubmV0L3RleHR1cmUvODZjZTliMThjYTIzOGVhZDY1MTViMDE3MzUzNGE3ZjM0ZDI4YmM1MWMwMTg4ZTJkYjA2ODQ1YzE3ZTYyZjEwYSJ9fX0=
Brain Coral,https://minecraft-heads.com/custom-heads/blocks/18258-brain-coral,1,eyJ0ZXh0dXJlcyI6eyJTS0lOIjp7InVybCI6Imh0dHA6Ly90ZXh0dXJlcy5taW5lY3JhZnQubmV0L3RleHR1cmUvOTU3ZGQ0M2U4ZjFjZDEzNzI2YzBmOTlhYzQwNDcxNTA0N2QxMmViNDJhMjhmZmM2YWU5YmZiM2I3MGQ3NjQwYSJ9fX0=
Bricks,https://minecraft-heads.com/custom-heads/blocks/157-bricks,1,eyJ0ZXh0dXJlcyI6eyJTS0lOIjp7InVybCI6Imh0dHA6Ly90ZXh0dXJlcy5taW5lY3JhZnQubmV0L3RleHR1cmUvY2UyNWJjNDJkNDExNDkxOThjOGM1MjNjMjM5MjA3MzdiOWNlZGRhOWE5OWVkYTUzZjMyMzJmNDg5NjQifX19
Brown Mushroom,https://minecraft-heads.com/custom-heads/plants/24928-brown-mushroom,1,eyJ0ZXh0dXJlcyI6eyJTS0lOIjp7InVybCI6Imh0dHA6Ly90ZXh0dXJlcy5taW5lY3JhZnQubmV0L3RleHR1cmUvYzZlMTJjZmYxMzhmZDJmZGMzMWM2OTU1NmNjYWFlYzdhZWQxNmY1ZDMxOGQ3YmMwOGU1MTRhZDY2MTg2MWJiMSJ9fX0=
Bubble Coral,https://minecraft-heads.com/custom-heads/blocks/18256-bubble-coral,1,eyJ0ZXh0dXJlcyI6eyJTS0lOIjp7InVybCI6Imh0dHA6Ly90ZXh0dXJlcy5taW5lY3JhZnQubmV0L3RleHR1cmUvMTNmMTgwNWVkY2QzMmI5N2FiMmYxOWEwM2JhYWIxZjhkNGRjNGRiOGVjN2EwMDRiMTRlYjY2NmQwOWZiODdmMiJ9fX0=
Cactus,https://minecraft-heads.com/custom-heads/plants/26992-cactus,1,eyJ0ZXh0dXJlcyI6eyJTS0lOIjp7InVybCI6Imh0dHA6Ly90ZXh0dXJlcy5taW5lY3JhZnQubmV0L3RleHR1cmUvZjc0ZjU4YjAwMWJlZWJmNGVlMTU4MGQxN2UwZWMyOTdjNzY0OGIxNDhiNmVhOWMwNTc0ZTQ3ZjAwOGU1Y2QifX19
Carrot,https://minecraft-heads.com/custom-heads/plants/28251-carrot,1,eyJ0ZXh0dXJlcyI6eyJTS0lOIjp7InVybCI6Imh0dHA6Ly90ZXh0dXJlcy5taW5lY3JhZnQubmV0L3RleHR1cmUvMjQ0OGMxODNhNzY0MDg2N2U0MjExOGU2OWMzZjRkMTVkYjFmZmIwZDkzNjQ2Yjc3MDc4ZWNlZGNhMmE0MzQ1NCJ9fX0=
Carved Pumpkin,https://minecraft-heads.com/custom-heads/plants/37555-carved-pumpkin,1,eyJ0ZXh0dXJlcyI6eyJTS0lOIjp7InVybCI6Imh0dHA6Ly90ZXh0dXJlcy5taW5lY3JhZnQubmV0L3RleHR1cmUvOTEzMjQ1NzA2YWRhYThhZjhhZGM4YmZmZjVjYzIyMDU1ODhmYzI4ODg0MjdlNzExMjQ2Yjc1OWE3MWFkOTI2In19fQ==
Chest,https://minecraft-heads.com/custom-heads/decoration/227-chest,1,eyJ0ZXh0dXJlcyI6eyJTS0lOIjp7InVybCI6Imh0dHA6Ly90ZXh0dXJlcy5taW5lY3JhZnQubmV0L3RleHR1cmUvZDVjNmRjMmJiZjUxYzM2Y2ZjNzcxNDU4NWE2YTU2ODNlZjJiMTRkNDdkOGZmNzE0NjU0YTg5M2Y1ZGE2MjIifX19
Chiseled Nether Brick,https://minecraft-heads.com/custom-heads/blocks/35711-chiseled-nether-brick,1,eyJ0ZXh0dXJlcyI6eyJTS0lOIjp7InVybCI6Imh0dHA6Ly90ZXh0dXJlcy5taW5lY3JhZnQubmV0L3RleHR1cmUvNDY2MjQyYzczYTNiNWU4Mjk0NjFhMDUxNTg0NjVhMjA2ZTNjY2RlMjk2MmIyMmM1NmE5MzcyNzY4NDdkYzIyNyJ9fX0=
Chiseled Polished Blackstone,https://minecraft-heads.com/custom-heads/blocks/35931-chiseled-polished-blackstone,1,eyJ0ZXh0dXJlcyI6eyJTS0lOIjp7InVybCI6Imh0dHA6Ly90ZXh0dXJlcy5taW5lY3JhZnQubmV0L3RleHR1cmUvNjU1MjQxOTNhMDFmZjlmNmVmMjEyZjYxOGU5NDYyMWRmZjBmNzM2OTcwNmZkMWViMThjNzkwMTIxNzE3MTYwYyJ9fX0=
Chiseled Quartz,https://minecraft-heads.com/custom-heads/blocks/28976-chiseled-quartz,1,eyJ0ZXh0dXJlcyI6eyJTS0lOIjp7InVybCI6Imh0dHA6Ly90ZXh0dXJlcy5taW5lY3JhZnQubmV0L3RleHR1cmUvOWYyOGJiMGI1YTJlYzM5OTlhMjhlZDU1MGU2ODY4NDJlZDE5NWU5NzRjYjAyZjQzM2EzNjllZTU5NTdhMmI2ZSJ9fX0=
Chiseled Red Sandstone,https://minecraft-heads.com/custom-heads/blocks/29453-chiseled-red-sandstone,1,eyJ0ZXh0dXJlcyI6eyJTS0lOIjp7InVybCI6Imh0dHA6Ly90ZXh0dXJlcy5taW5lY3JhZnQubmV0L3RleHR1cmUvMTlkZDI4MTJkNmEzYjU2ZGE0MGRjZmY2YTEyZTQ3NmFkMmMwYTM0ZGZlNzEyNjg2ZWNjMzE0NGI2MzVmNGVkNCJ9fX0=
Chiseled Sandstone,https://minecraft-heads.com/custom-heads/blocks/38008-chiseled-sandstone,1,eyJ0ZXh0dXJlcyI6eyJTS0lOIjp7InVybCI6Imh0dHA6Ly90ZXh0dXJlcy5taW5lY3JhZnQubmV0L3RleHR1cmUvNDY0YjZiNjA2MmFjMzU4ZDMzM2YzNDIyNmYwYzlkZjhmMjg2ZjcxMjdlN2NiZGEzODZiOGFjOWU2NjJjMTcyMiJ9fX0=
Chorus Fruit,https://minecraft-heads.com/custom-heads/plants/22479-chorus-fruit,1,eyJ0ZXh0dXJlcyI6eyJTS0lOIjp7InVybCI6Imh0dHA6Ly90ZXh0dXJlcy5taW5lY3JhZnQubmV0L3RleHR1cmUvMzA2NTVkNjM4ZTRiNjIxOWZlNjU1ZjdiZWEzNGY5OTQ5NTQxZGQyMDc3NjRiMzYwODhlZDFiZmZkMWNjM2UxNiJ9fX0=
Clay,https://minecraft-heads.com/custom-heads/blocks/1112-clay,1,eyJ0ZXh0dXJlcyI6eyJTS0lOIjp7InVybCI6Imh0dHA6Ly90ZXh0dXJlcy5taW5lY3JhZnQubmV0L3RleHR1cmUvNjc4MjY4MjllYWI1YWQ2MmYwYzExZDlmYWFmZGM5OTU0MzY0ODcxMTYwZGQ4MzllMWFiNWEzYjIxM2EzMyJ9fX0=
Coal Block,https://minecraft-heads.com/custom-heads/blocks/29482-coal-block,1,eyJ0ZXh0dXJlcyI6eyJTS0lOIjp7InVybCI6Imh0dHA6Ly90ZXh0dXJlcy5taW5lY3JhZnQubmV0L3RleHR1cmUvZDdmNTc2NmQyOTI4ZGMwZGYxYjM0MDRjM2JkMDczYzk0NzZkMjZjODA1NzNiMDMzMmU3Y2NlNzNkZjE1NDgyYSJ9fX0=
Coal Ore,https://minecraft-heads.com/custom-heads/blocks/23062-coal-ore,1,eyJ0ZXh0dXJlcyI6eyJTS0lOIjp7InVybCI6Imh0dHA6Ly90ZXh0dXJlcy5taW5lY3JhZnQubmV0L3RleHR1cmUvYmU3OGQ4ZWI1ODgzYTExMDY2N2I1MWVlMjBhM2IyMWQ1MmQwODlhMGQ0YzkxYmUzY2I3ODZjMzE4MjhhMjA5NyJ9fX0=
Coarse Dirt,https://minecraft-heads.com/custom-heads/blocks/20425-coarse-dirt,1,eyJ0ZXh0dXJlcyI6eyJTS0lOIjp7InVybCI6Imh0dHA6Ly90ZXh0dXJlcy5taW5lY3JhZnQubmV0L3RleHR1cmUvOTM1MTEyOThkN2ZmZDRjOWJhNmY4ZGNhNzFkMzNiMWQyOTE2Y2VjMzExOGRjNGFmMDFjNmRhNjk1NjcwMjczZSJ9fX0=
Cobblestone,https://minecraft-heads.com/custom-heads/blocks/26905-cobblestone,1,eyJ0ZXh0dXJlcyI6eyJTS0lOIjp7InVybCI6Imh0dHA6Ly90ZXh0dXJlcy5taW5lY3JhZnQubmV0L3RleHR1cmUvMTk1NTM0ZTAyYzU5YjMzZWNlNTYxOTI4MDMzMTk3OTc3N2UwMjVmYTVmYTgxYWU3NWU5OWZkOGVmZGViYjgifX19
Concrete (black),https://minecraft-heads.com/custom-heads/blocks/8627-concrete-black,1,eyJ0ZXh0dXJlcyI6eyJTS0lOIjp7InVybCI6Imh0dHA6Ly90ZXh0dXJlcy5taW5lY3JhZnQubmV0L3RleHR1cmUvNGZjMjM3MmI0NTc1NDJjNjU0ODNhZmExNDQyZTFjMzNhNWZmNzU4ZDM2MmVjZWM0MzQ4Nzk1MTcyODI0ZDg2OSJ9fX0=
Concrete (blue),https://minecraft-heads.com/custom-heads/blocks/8626-concrete-blue,1,eyJ0ZXh0dXJlcyI6eyJTS0lOIjp7InVybCI6Imh0dHA6Ly90ZXh0dXJlcy5taW5lY3JhZnQubmV0L3RleHR1cmUvNTdjN2EyOTcxMDNkYjA4NGFmNjI3M2I4Nzk4MDVhZmM4NTc3Y2M4MmM3NTJhYzI2NmNmOGQ3YTZlZWE2MCJ9fX0=
Concrete (brown),https://minecraft-heads.com/custom-heads/blocks/8625-concrete-brown,1,eyJ0ZXh0dXJlcyI6eyJTS0lOIjp7InVybCI6Imh0dHA6Ly90ZXh0dXJlcy5taW5lY3JhZnQubmV0L3RleHR1cmUvNjUzODEyMGY2MThmMmNjZDNiYmRjMThjZDU3ODJlNjM4MmFlOWVlNzJkMDVmNWY4NjI3NmFkYTU0ZWY3ZWQifX19
Concrete (cyan),https://minecraft-heads.com/custom-heads/blocks/8624-concrete-cyan,1,eyJ0ZXh0dXJlcyI6eyJTS0lOIjp7InVybCI6Imh0dHA6Ly90ZXh0dXJlcy5taW5lY3JhZnQubmV0L3RleHR1cmUvZjMzYjUxZmVmMWQ3ZmRmMTkyNzRiYjc2ZmNlZGVjZWM3YTc3ZDAxMGNiMzRmZTAyOWZiNzk0Y2M1OWFiYSJ9fX0=
Concrete (gray),https://minecraft-heads.com/custom-heads/blocks/8623-concrete-gray,1,eyJ0ZXh0dXJlcyI6eyJTS0lOIjp7InVybCI6Imh0dHA6Ly90ZXh0dXJlcy5taW5lY3JhZnQubmV0L3RleHR1cmUvYzA2ZDdiZWZjODJmMjAxZjgzZTE5Mzc2N2U2M2Y4MTAzNzIxNWFmZDQ4M2EzOGQzNjk2NTk4MmNhNmQwIn19fQ==
Concrete (green),https://minecraft-heads.com/custom-heads/blocks/8622-concrete-green,1,eyJ0ZXh0dXJlcyI6eyJTS0lOIjp7InVybCI6Imh0dHA6Ly90ZXh0dXJlcy5taW5lY3JhZnQubmV0L3RleHR1cmUvZGZhYjdkYWViOGYzMzNjNzg4NmE3MGVmMzBjYWY0ZGVjNGE4Y2QxMDQ5M2YyMzgwMmYxNTE2YmRkMjNmY2QifX19
Concrete (light blue),https://minecraft-heads.com/custom-heads/blocks/13394-concrete-light-blue,1,eyJ0ZXh0dXJlcyI6eyJTS0lOIjp7InVybCI6Imh0dHA6Ly90ZXh0dXJlcy5taW5lY3JhZnQubmV0L3RleHR1cmUvZjQ3N2Y0NDM4OTM2MmM0Yzc2NGM4NDdhOTczOWJjNzhjMzI0NjdlYWI0ZTM4MzBhZTRjOGJlYWMzNDQyZWY5In19fQ==
Concrete (light gray),https://minecraft-heads.com/custom-heads/blocks/8615-concrete-light-gray,1,eyJ0ZXh0dXJlcyI6eyJTS0lOIjp7InVybCI6Imh0dHA6Ly90ZXh0dXJlcy5taW5lY3JhZnQubmV0L3RleHR1cmUvNmJhMGM0YTBmZGNlOTIzYTkwNDgzMjhkNjY0MTQ3YzViOTI0NDkxZjRlZTVmZWE3MWYzZTllYzMxNCJ9fX0=
Concrete (lime),https://minecraft-heads.com/custom-heads/blocks/8621-concrete-lime,1,eyJ0ZXh0dXJlcyI6eyJTS0lOIjp7InVybCI6Imh0dHA6Ly90ZXh0dXJlcy5taW5lY3JhZnQubmV0L3RleHR1cmUvNGI1OTljNjE4ZTkxNGMyNWEzN2Q2OWY1NDFhMjJiZWJiZjc1MTYxNTI2Mzc1NmYyNTYxZmFiNGNmYTM5ZSJ9fX0=
Concrete (magenta),https://minecraft-heads.com/custom-heads/blocks/8620-concrete-magenta,1,eyJ0ZXh0dXJlcyI6eyJTS0lOIjp7InVybCI6Imh0dHA6Ly90ZXh0dXJlcy5taW5lY3JhZnQubmV0L3RleHR1cmUvNjVlZjJkODdmN2MxZGVmNzk1MjNlOTU2NzY3YjgyODRjYTM4OWIyNDI5OWY1ZTQ2NWQ0NTc5ODlkNjJkZjgifX19
Concrete (orange),https://minecraft-heads.com/custom-heads/blocks/8619-concrete-orange,1,eyJ0ZXh0dXJlcyI6eyJTS0lOIjp7InVybCI6Imh0dHA6Ly90ZXh0dXJlcy5taW5lY3JhZnQubmV0L3RleHR1cmUvNjNmMTNlMjNlYzIzNDY3YWM1ZTZmNjVhODNmMjY4NmViZWNkOTk4NmRmNWY4Y2JjZDZmYWZjNDJlNjYyYjM4In19fQ==
Concrete (pink),https://minecraft-heads.com/custom-heads/blocks/8618-concrete-pink,1,eyJ0ZXh0dXJlcyI6eyJTS0lOIjp7InVybCI6Imh0dHA6Ly90ZXh0dXJlcy5taW5lY3JhZnQubmV0L3RleHR1cmUvMjI3NDlkMzdjM2Y5OGQ0NTdiZjU0MDIyYThiNjEzYTQzNTNlZDhkZDJlMTQ5NDI2ZmM0MmRiM2I3ZCJ9fX0=
Concrete (purple),https://minecraft-heads.com/custom-heads/blocks/8617-concrete-purple,1,eyJ0ZXh0dXJlcyI6eyJTS0lOIjp7InVybCI6Imh0dHA6Ly90ZXh0dXJlcy5taW5lY3JhZnQubmV0L3RleHR1cmUvZjBjMDVkNTYwZDhlMTNmMGNiMjVjMTVjODMxYmM1OTU0NTBjNWU1NGNlMzVmYTU0ZTE3ZTA0OTUyNjdjIn19fQ==
Concrete (red),https://minecraft-heads.com/custom-heads/blocks/8616-concrete-red,1,eyJ0ZXh0dXJlcyI6eyJTS0lOIjp7InVybCI6Imh0dHA6Ly90ZXh0dXJlcy5taW5lY3JhZnQubmV0L3RleHR1cmUvNjE4NTZjN2IzNzhkMzUwMjYyMTQzODQzZDFmOWZiYjIxOTExYTcxOTgzYmE3YjM5YTRkNGJhNWI2NmJlZGM2In19fQ==
Concrete (white),https://minecraft-heads.com/custom-heads/blocks/8614-concrete-white,1,eyJ0ZXh0dXJlcyI6eyJTS0lOIjp7InVybCI6Imh0dHA6Ly90ZXh0dXJlcy5taW5lY3JhZnQubmV0L3RleHR1cmUvZDA5MjVjNDhiMDU2NjI4NDhlYzlmMDY4NWY4NThkODg5ZDNkYTExYjA3MTc4OGVhYTM2Y2NkOGYxZjMxZGUifX19
Concrete (yellow),https://minecraft-heads.com/custom-heads/blocks/8613-concrete-yellow,1,eyJ0ZXh0dXJlcyI6eyJTS0lOIjp7InVybCI6Imh0dHA6Ly90ZXh0dXJlcy5taW5lY3JhZnQubmV0L3RleHR1cmUvZmNhNWJmZjMyNWVkNzFkOTdhMmRkZmM4M2FjZjA1ZmU3ZmQ5Y2I3Y2JkYjE1ZWJiNGYwNTYyMTkwN2U5ZjJiIn19fQ==
Cracked Stone Bricks,https://minecraft-heads.com/custom-heads/blocks/8657-cracked-stone-bricks,1,eyJ0ZXh0dXJlcyI6eyJTS0lOIjp7InVybCI6Imh0dHA6Ly90ZXh0dXJlcy5taW5lY3JhZnQubmV0L3RleHR1cmUvYjNjZWRmZmE5NjgwOGYyMTM3OGUxZWNhNmE1NzI4YTViYzgwMmY4YzY1YjRhN2E5Y2MxMTQ2ZGU5YmNjMiJ9fX0=
Crafting Table,https://minecraft-heads.com/custom-heads/decoration/24180-crafting-table,1,eyJ0ZXh0dXJlcyI6eyJTS0lOIjp7InVybCI6Imh0dHA6Ly90ZXh0dXJlcy5taW5lY3JhZnQubmV0L3RleHR1cmUvMmNkYzBmZWI3MDAxZTJjMTBmZDUwNjZlNTAxYjg3ZTNkNjQ3OTMwOTJiODVhNTBjODU2ZDk2MmY4YmU5MmM3OCJ9fX0=
Crimson Fungus,https://minecraft-heads.com/custom-heads/plants/34787-crimson-fungus,1,eyJ0ZXh0dXJlcyI6eyJTS0lOIjp7InVybCI6Imh0dHA6Ly90ZXh0dXJlcy5taW5lY3JhZnQubmV0L3RleHR1cmUvYWIyMDY0MzkwZTc5ZDllNTRjY2I0MThiMDczMzE1M2NmOTkyM2ZjNGE4ZDE0YWIxZDJiN2VmNTk2ODgzMWM5MyJ9fX0=
Crimson Hyphae,https://minecraft-heads.com/custom-heads/blocks/36277-crimson-hyphae,1,eyJ0ZXh0dXJlcyI6eyJTS0lOIjp7InVybCI6Imh0dHA6Ly90ZXh0dXJlcy5taW5lY3JhZnQubmV0L3RleHR1cmUvYzFlNDQ5YWIzYjk0YTQ2NmUyZDA4ZDZiNTI2OThiODYxZDY1NTgyZGFlYjkyZGM1ZDYyYTJjNTdkZGYwNmI2NCJ9fX0=
Crimson Nylium,https://minecraft-heads.com/custom-heads/blocks/34758-crimson-nylium,1,eyJ0ZXh0dXJlcyI6eyJTS0lOIjp7InVybCI6Imh0dHA6Ly90ZXh0dXJlcy5taW5lY3JhZnQubmV0L3RleHR1cmUvZTEwMjllYTQ3Y2EwZTk0NDBhMDc4Mjg3OGM4NGQ2MWQ5MjgxMjRjMTRkYWJkMzIzYzlmYzYwOWJhZDM2YTQ1NyJ9fX0=
Crimson Planks,https://minecraft-heads.com/custom-heads/blocks/34749-crimson-planks,1,eyJ0ZXh0dXJlcyI6eyJTS0lOIjp7InVybCI6Imh0dHA6Ly90ZXh0dXJlcy5taW5lY3JhZnQubmV0L3RleHR1cmUvYTJjZDY5YTNlNDI1NjRjMGRhNGMyMjk3OTQzYmUyM2FhOWNlMWM3NTZkOGJhOWU2ZWVkZDhmNTIzMjE4ZmRlNCJ9fX0=
Crimson Stem,https://minecraft-heads.com/custom-heads/blocks/34751-crimson-stem,1,eyJ0ZXh0dXJlcyI6eyJTS0lOIjp7InVybCI6Imh0dHA6Ly90ZXh0dXJlcy5taW5lY3JhZnQubmV0L3RleHR1cmUvODQzYjRjODdmOTc4MThkNzFmMTNhZmE2ZGI5NDZmYjBhMjM1Y2Q3NzFhZTg2OTkyNGM5OGIzZDE3ZDc2NDk5YiJ9fX0=
Crimson Stem (sideways),https://minecraft-heads.com/custom-heads/blocks/36086-crimson-stem-sideways,1,eyJ0ZXh0dXJlcyI6eyJTS0lOIjp7ImlkIjoiZmVkOTE0Yjg5MWY0NDliZjhjY2Y2NmVhYzBhNTdhZDIiLCJ0eXBlIjoiU0tJTiIsInVybCI6Imh0dHA6Ly90ZXh0dXJlcy5taW5lY3JhZnQubmV0L3RleHR1cmUvZDVkNDBjYTFkZTJjOTgzMzkyZWZlZjg2MGE1YmUwNjA3ZDhiODk4MGU0NDQwZGUxMDM0OTNlZGQ5ZmEwNzQ5IiwicHJvZmlsZUlkIjoiNDYwYjc0OWM4ZmQ0NDBhNjg4YWUxYTM5MWEwODQyYWEiLCJ0ZXh0dXJlSWQiOiJkNWQ0MGNhMWRlMmM5ODMzOTJlZmVmODYwYTViZTA2MDdkOGI4OTgwZTQ0NDBkZTEwMzQ5M2VkZDlmYTA3NDkifX0sInNraW4iOnsiaWQiOiJmZWQ5MTRiODkxZjQ0OWJmOGNjZjY2ZWFjMGE1N2FkMiIsInR5cGUiOiJTS0lOIiwidXJsIjoiaHR0cDovL3RleHR1cmVzLm1pbmVjcmFmdC5uZXQvdGV4dHVyZS9kNWQ0MGNhMWRlMmM5ODMzOTJlZmVmODYwYTViZTA2MDdkOGI4OTgwZTQ0NDBkZTEwMzQ5M2VkZDlmYTA3NDkiLCJwcm9maWxlSWQiOiI0NjBiNzQ5YzhmZDQ0MGE2ODhhZTFhMzkxYTA4NDJhYSIsInRleHR1cmVJZCI6ImQ1ZDQwY2ExZGUyYzk4MzM5MmVmZWY4NjBhNWJlMDYwN2Q4Yjg5ODBlNDQ0MGRlMTAzNDkzZWRkOWZhMDc0OSJ9LCJjYXBlIjpudWxsfQ==
Crimson Stem (stripped),https://minecraft-heads.com/custom-heads/blocks/34750-crimson-stem-stripped,1,eyJ0ZXh0dXJlcyI6eyJTS0lOIjp7InVybCI6Imh0dHA6Ly90ZXh0dXJlcy5taW5lY3JhZnQubmV0L3RleHR1cmUvNDMwNGU5Njc1ZTEzNTQ3ODQwNTNiNTYxZGE3YTBmNzQ0YzRlYWQ5YWRjZDcwMDFkNzY0ZjkyODhkODZiNzJmNSJ9fX0=
Crying Obsidian,https://minecraft-heads.com/custom-heads/blocks/35289-crying-obsidian,1,eyJ0ZXh0dXJlcyI6eyJTS0lOIjp7InVybCI6Imh0dHA6Ly90ZXh0dXJlcy5taW5lY3JhZnQubmV0L3RleHR1cmUvZGE1Yzg2ODY0MTFkNDQ2YzkwYzE5MWM5M2Y4MGI5ZmZiMWNkMjQ3YWExMmEyMjZmODk3OTk4MWFkNDM4OGJlZSJ9fX0=
Dark Oak Log,https://minecraft-heads.com/custom-heads/blocks/1656-dark-oak-log,1,eyJ0ZXh0dXJlcyI6eyJTS0lOIjp7InVybCI6Imh0dHA6Ly90ZXh0dXJlcy5taW5lY3JhZnQubmV0L3RleHR1cmUvZjc3ZGM2ZThiNDVhZGNmOTI4ZjJjNjEzOWRmYTJhMzYxYWExMDdiODljOWFkMzVjMzQ3YjY3N2EwN2M3OWY1In19fQ==
Dark Oak Log (rounded),https://minecraft-heads.com/custom-heads/blocks/1931-dark-oak-log-rounded,1,eyJ0ZXh0dXJlcyI6eyJTS0lOIjp7InVybCI6Imh0dHA6Ly90ZXh0dXJlcy5taW5lY3JhZnQubmV0L3RleHR1cmUvMmE5NWRkMmVkYTAzY2E0OTE3OTZmNTM4ZDYyNTU3OWE4MjhiNzE4NDNmYjYwODY5YjEyYzkxZWNlMTUxNiJ9fX0=
Dark Oak Log (rounded),https://minecraft-heads.com/custom-heads/blocks/1925-dark-oak-log-rounded,1,eyJ0ZXh0dXJlcyI6eyJTS0lOIjp7InVybCI6Imh0dHA6Ly90ZXh0dXJlcy5taW5lY3JhZnQubmV0L3RleHR1cmUvYTc4YmM5ZTMxNzhiNTY4ZmU2ZjlmNGViOTQ5YTM2NzEzNjM5ZTIwZDBjMmRmYWI3NmFhNjNlMjVmYWYzOWVmIn19fQ==
Dark Oak Planks,https://minecraft-heads.com/custom-heads/blocks/29388-dark-oak-planks,1,eyJ0ZXh0dXJlcyI6eyJTS0lOIjp7InVybCI6Imh0dHA6Ly90ZXh0dXJlcy5taW5lY3JhZnQubmV0L3RleHR1cmUvNTA2NmY1ZDA2YjBiMzRmMzJhNjFmMmQzYTYxYjA3YjgxMmNmZTVmOTYzM2MxNTRiOGE3OGY1OWQyZDQ0NjliMyJ9fX0=
Dark Prismarine,https://minecraft-heads.com/custom-heads/blocks/29469-dark-prismarine,1,eyJ0ZXh0dXJlcyI6eyJTS0lOIjp7InVybCI6Imh0dHA6Ly90ZXh0dXJlcy5taW5lY3JhZnQubmV0L3RleHR1cmUvYmY1MDNiZGQxNWVjNGJlYWQzNWY5ZTkxMDhhMmNiOGQwZGMzODFkYzUxMjc5NGNlZDZiYjRmMjFkYzlkOGE4YSJ9fX0=
Diamond Block,https://minecraft-heads.com/custom-heads/blocks/97-diamond-block,1,eyJ0ZXh0dXJlcyI6eyJTS0lOIjp7InVybCI6Imh0dHA6Ly90ZXh0dXJlcy5taW5lY3JhZnQubmV0L3RleHR1cmUvOTYzMTU5N2RjZTRlNDA1MWU4ZDVhNTQzNjQxOTY2YWI1NGZiZjI1YTBlZDYwNDdmMTFlNjE0MGQ4OGJmNDhmIn19fQ==
Diamond Ore,https://minecraft-heads.com/custom-heads/blocks/106-diamond-ore,1,eyJ0ZXh0dXJlcyI6eyJTS0lOIjp7InVybCI6Imh0dHA6Ly90ZXh0dXJlcy5taW5lY3JhZnQubmV0L3RleHR1cmUvMTFlZDlhYmY1MWZlNGVhODRjZmNiMjcyOTdmMWJjNTRjZDM4MmVkZjg1ZTdiZDZlNzVlY2NhMmI4MDY2MTEifX19
Diorite,https://minecraft-heads.com/custom-heads/blocks/26966-diorite,1,eyJ0ZXh0dXJlcyI6eyJTS0lOIjp7InVybCI6Imh0dHA6Ly90ZXh0dXJlcy5taW5lY3JhZnQubmV0L3RleHR1cmUvODAzY2ZkMTI4YWM4OGViZDEyZjQ2NWY0MWViYTdkNDhlZmRkN2RiMDBhNzEyYjNiMjkxN2EwY2RjNzM1OTJmMSJ9fX0=
Dirt Blank,https://minecraft-heads.com/custom-heads/alphabet/11022-dirt-blank,1,eyJ0ZXh0dXJlcyI6eyJTS0lOIjp7InVybCI6Imh0dHA6Ly90ZXh0dXJlcy5taW5lY3JhZnQubmV0L3RleHR1cmUvNjAzNmJmOTc5MjZjMDJhNmRhNTI0YmY0ODdkYjViOTc0MmQ1YmM1ODg0YWEyZmFmOTRlNTc2ZmM4NjkifX19
Dispenser,https://minecraft-heads.com/custom-heads/decoration/22964-dispenser,1,eyJ0ZXh0dXJlcyI6eyJTS0lOIjp7InVybCI6Imh0dHA6Ly90ZXh0dXJlcy5taW5lY3JhZnQubmV0L3RleHR1cmUvM2MxMWEwZDkwYzM3ZWI2OTVjOGE1MjNkODYwMWFhMWM4NWZhZDA5YTRkMjIzMmQwNGVkMjNhYzkwZTQzMjVjMiJ9fX0=
Dried Kelp Block,https://minecraft-heads.com/custom-heads/decoration/18097-dried-kelp-block,1,eyJ0ZXh0dXJlcyI6eyJTS0lOIjp7InVybCI6Imh0dHA6Ly90ZXh0dXJlcy5taW5lY3JhZnQubmV0L3RleHR1cmUvYjgwNWNhZjNkMDJlMzVlNGFhZGMxOWFmMTVlODI3OTAxNzdmMWNkN2I3OWY0ZjViODhkOTQzYWM2YmUyMDNhMSJ9fX0=
Dropper,https://minecraft-heads.com/custom-heads/decoration/232-dropper,1,eyJ0ZXh0dXJlcyI6eyJTS0lOIjp7InVybCI6Imh0dHA6Ly90ZXh0dXJlcy5taW5lY3JhZnQubmV0L3RleHR1cmUvMjVlOTE1MmVmZDg5MmY2MGQ3ZTBkN2U1MzM2OWUwNDc3OWVkMzExMWUyZmIyNzUyYjZmNGMyNmRmNTQwYWVkYyJ9fX0=
Emerald Block,https://minecraft-heads.com/custom-heads/blocks/21527-emerald-block,1,eyJ0ZXh0dXJlcyI6eyJTS0lOIjp7InVybCI6Imh0dHA6Ly90ZXh0dXJlcy5taW5lY3JhZnQubmV0L3RleHR1cmUvMjViYTk3ODkwODdiMDEyMzA3ZGQ0N2RlMzhjNjYyMmQ3NWQ2YmIyMWViOTcwMTZjNDlhZmU5ZDcwMDQxOTkwOSJ9fX0=
Emerald Gem,https://minecraft-heads.com/custom-heads/blocks/12660-emerald-gem,1,eyJ0ZXh0dXJlcyI6eyJTS0lOIjp7InVybCI6Imh0dHA6Ly90ZXh0dXJlcy5taW5lY3JhZnQubmV0L3RleHR1cmUvODZhZGRiZDVkZWRhZDQwOTk5NDczYmU0YTdmNDhmNjIzNmE3OWEwZGNlOTcxYjVkYmQ3MzcyMDE0YWUzOTRkIn19fQ==
Enchanting Table,,1,eyJ0ZXh0dXJlcyI6eyJTS0lOIjp7InVybCI6Imh0dHA6Ly90ZXh0dXJlcy5taW5lY3JhZnQubmV0L3RleHR1cmUvZTU2OTYzNzNhMTg3ZTZkMmRkY2RmMWQ2Nzc3NGNiMTFmM2E1MmE5NzY3YTA4NDU4OWIyM2YxOWE3ZjIzYTcxYSJ9fX0
End Portal Orb,https://minecraft-heads.com/custom-heads/decoration/34506-end-portal-orb,1,eyJ0ZXh0dXJlcyI6eyJTS0lOIjp7InVybCI6Imh0dHA6Ly90ZXh0dXJlcy5taW5lY3JhZnQubmV0L3RleHR1cmUvYzNhOGU0MDJkYWQxYjdkYWQ5YWFlNmY0MDE1OTMyMTgzNDI5Y2U4N2JiYmVjZWQzMTE5MDI2ZjgyOTYzMzZjMiJ9fX0=
End Stone Bricks,https://minecraft-heads.com/custom-heads/blocks/2035-end-stone-bricks,1,eyJ0ZXh0dXJlcyI6eyJTS0lOIjp7InVybCI6Imh0dHA6Ly90ZXh0dXJlcy5taW5lY3JhZnQubmV0L3RleHR1cmUvNjZkZTY1ZDE4OTY4MTI2ODExMDViYjNjMDE3ZmIzYWNkM2Y0ZGQ2M2IxM2IxOGRhMTRkNTliZTk4NGE2M2Q3In19fQ==
Ender Chest,https://minecraft-heads.com/custom-heads/decoration/228-ender-chest,1,eyJ0ZXh0dXJlcyI6eyJTS0lOIjp7InVybCI6Imh0dHA6Ly90ZXh0dXJlcy5taW5lY3JhZnQubmV0L3RleHR1cmUvYTZjYzQ4NmMyYmUxY2I5ZGZjYjJlNTNkZDlhM2U5YTg4M2JmYWRiMjdjYjk1NmYxODk2ZDYwMmI0MDY3In19fQ==
Endportal Frame,https://minecraft-heads.com/custom-heads/decoration/18384-endportal-frame,1,eyJ0ZXh0dXJlcyI6eyJTS0lOIjp7InVybCI6Imh0dHA6Ly90ZXh0dXJlcy5taW5lY3JhZnQubmV0L3RleHR1cmUvZjQ2ODRlM2U3ODkwY2FmN2QxMzc2MmVhMTllYjE0YzU5NDBiODhmZDdmMDc3ZDgxZTZlZmZiNGY2ZGYxNmMyNiJ9fX0=
Fire Coral,https://minecraft-heads.com/custom-heads/blocks/18254-fire-coral,1,eyJ0ZXh0dXJlcyI6eyJTS0lOIjp7InVybCI6Imh0dHA6Ly90ZXh0dXJlcy5taW5lY3JhZnQubmV0L3RleHR1cmUvOWZlOGRlZDNjNzRlYWNkNzg0MTJhOTAzYjkwNGY1NTc3ODUwZDFlMjBkMzQ4NzhmZDc3NTk3YWQxNjMzYmY3NCJ9fX0=
Furnace,https://minecraft-heads.com/custom-heads/decoration/24179-furnace,1,eyJ0ZXh0dXJlcyI6eyJTS0lOIjp7InVybCI6Imh0dHA6Ly90ZXh0dXJlcy5taW5lY3JhZnQubmV0L3RleHR1cmUvOTk3MTNlMWNkYzIzZmRhZjM4NDA5NWMzYTNhZDY0YzY3MGQyOGFlOWVlZjkyZDEwZjFlYTA1NWE4NWQ5MGQ0OSJ9fX0=
Gilded Blackstone,https://minecraft-heads.com/custom-heads/blocks/36110-gilded-blackstone,1,eyJ0ZXh0dXJlcyI6eyJTS0lOIjp7ImlkIjoiZGNjOTBjYzkzZWRhNDQ5YTk1Y2U5MGU0NjBkZjJiYjkiLCJ0eXBlIjoiU0tJTiIsInVybCI6Imh0dHA6Ly90ZXh0dXJlcy5taW5lY3JhZnQubmV0L3RleHR1cmUvYzQ4MmQxYmE0YmRhYzk5MGY2ZWE5ODc3MDM1ODdmZDc5ZmU1NTU1NTM2MzI1MTk4NDY3OWQ0ZjI3OWNjMGMyYSIsInByb2ZpbGVJZCI6IjgwMThhYjAwYjJhZTQ0Y2FhYzliZjYwZWY5MGY0NWU1IiwidGV4dHVyZUlkIjoiYzQ4MmQxYmE0YmRhYzk5MGY2ZWE5ODc3MDM1ODdmZDc5ZmU1NTU1NTM2MzI1MTk4NDY3OWQ0ZjI3OWNjMGMyYSJ9fSwic2tpbiI6eyJpZCI6ImRjYzkwY2M5M2VkYTQ0OWE5NWNlOTBlNDYwZGYyYmI5IiwidHlwZSI6IlNLSU4iLCJ1cmwiOiJodHRwOi8vdGV4dHVyZXMubWluZWNyYWZ0Lm5ldC90ZXh0dXJlL2M0ODJkMWJhNGJkYWM5OTBmNmVhOTg3NzAzNTg3ZmQ3OWZlNTU1NTUzNjMyNTE5ODQ2NzlkNGYyNzljYzBjMmEiLCJwcm9maWxlSWQiOiI4MDE4YWIwMGIyYWU0NGNhYWM5YmY2MGVmOTBmNDVlNSIsInRleHR1cmVJZCI6ImM0ODJkMWJhNGJkYWM5OTBmNmVhOTg3NzAzNTg3ZmQ3OWZlNTU1NTUzNjMyNTE5ODQ2NzlkNGYyNzljYzBjMmEifSwiY2FwZSI6bnVsbH0=
Glazed Terracotta (black),https://minecraft-heads.com/custom-heads/blocks/21556-glazed-terracotta-black,1,eyJ0ZXh0dXJlcyI6eyJTS0lOIjp7InVybCI6Imh0dHA6Ly90ZXh0dXJlcy5taW5lY3JhZnQubmV0L3RleHR1cmUvZWQ0YTMyMWM0YzNiYzdjYzM5MWQ0NWMyZDMwNGE0ZjUyNmJjYWU1YjIzNTY1YTA0MTM1Y2VmODFjZTUxMThjYyJ9fX0=
Glazed Terracotta (blue),https://minecraft-heads.com/custom-heads/blocks/21558-glazed-terracotta-blue,1,eyJ0ZXh0dXJlcyI6eyJTS0lOIjp7InVybCI6Imh0dHA6Ly90ZXh0dXJlcy5taW5lY3JhZnQubmV0L3RleHR1cmUvNjgxZTM3NjMyMjE4OGIxZTk4ODMwOWY5OWEwMTVkOTQ5YjY4ZmZlOWM5ZDczY2I5NzgxMzUzOGQwODY0ODk3ZSJ9fX0=
Glazed Terracotta (brown),https://minecraft-heads.com/custom-heads/blocks/21552-glazed-terracotta-brown,1,eyJ0ZXh0dXJlcyI6eyJTS0lOIjp7InVybCI6Imh0dHA6Ly90ZXh0dXJlcy5taW5lY3JhZnQubmV0L3RleHR1cmUvYWQ0ZWFhNTQzMDI3MmM0OGUwODFkMDEwYjRmNDRhYjZmNGFlODQxZTM4OTY3YmE2MDY2MDFkYmMzNTAyNmVjYSJ9fX0=
Glazed Terracotta (cyan),https://minecraft-heads.com/custom-heads/blocks/21546-glazed-terracotta-cyan,1,eyJ0ZXh0dXJlcyI6eyJTS0lOIjp7InVybCI6Imh0dHA6Ly90ZXh0dXJlcy5taW5lY3JhZnQubmV0L3RleHR1cmUvMTdjNjdhZjgxMzdmZmRjZjg3MzU4ZjdhYjZkYTZkMGVhOThhMDk2MDk5NWMwMmU0ZTk4MTgwMTYzNDhlMWY4MSJ9fX0=
Glazed Terracotta (gray),https://minecraft-heads.com/custom-heads/blocks/21555-glazed-terracotta-gray,1,eyJ0ZXh0dXJlcyI6eyJTS0lOIjp7InVybCI6Imh0dHA6Ly90ZXh0dXJlcy5taW5lY3JhZnQubmV0L3RleHR1cmUvNzc3Mjk1NjJjNzQxZTliNzFhZWViZGIzNjQ1NzJmMDk5YzczYzAyNTZkN2Q4Yzg2MzMxZDc0MTdhODAzYzczNCJ9fX0=
Glazed Terracotta (green),https://minecraft-heads.com/custom-heads/blocks/21547-glazed-terracotta-green,1,eyJ0ZXh0dXJlcyI6eyJTS0lOIjp7InVybCI6Imh0dHA6Ly90ZXh0dXJlcy5taW5lY3JhZnQubmV0L3RleHR1cmUvNmNlODA3ZjBhNmY0OTljZTljY2M2NTAxMGZhYTU0ZWQ0ZTBmZmE2N2NmYjg0OGNkYTE1OWQzZGNhMGEyZGNhNSJ9fX0=
Glazed Terracotta (light blue),https://minecraft-heads.com/custom-heads/blocks/21545-glazed-terracotta-light-blue,1,eyJ0ZXh0dXJlcyI6eyJTS0lOIjp7InVybCI6Imh0dHA6Ly90ZXh0dXJlcy5taW5lY3JhZnQubmV0L3RleHR1cmUvMzFjODk1OTM1MTc0YWM1ZjY0ZWRhZDIxNWNlMGI2YjM4MDEzN2NjNGQxZjM5OWEzZGYxN2RjM2IyZGU0MGJkZSJ9fX0=
Glazed Terracotta (light gray),https://minecraft-heads.com/custom-heads/blocks/21554-glazed-terracotta-light-gray,1,eyJ0ZXh0dXJlcyI6eyJTS0lOIjp7InVybCI6Imh0dHA6Ly90ZXh0dXJlcy5taW5lY3JhZnQubmV0L3RleHR1cmUvNjRjMDRkNmViNWI2ODUyODQzNzBkMDMyY2RiNjljZjJkNGZkMWFlMDA0NTc0ZmI0NDIyZjJiNTU3N2RkMTkzMiJ9fX0=
Glazed Terracotta (lime),https://minecraft-heads.com/custom-heads/blocks/21548-glazed-terracotta-lime,1,eyJ0ZXh0dXJlcyI6eyJTS0lOIjp7InVybCI6Imh0dHA6Ly90ZXh0dXJlcy5taW5lY3JhZnQubmV0L3RleHR1cmUvM2UwYjk3Yzc4NWUzOTc2ZWZhNzhhY2M4MjhkYjY3ZTcxZGVhZDliNjY5NGZkZTYxM2QyZTJlN2NhZmJlMWQ1YiJ9fX0=
"Glazed Terracotta (magenta, sideways)",https://minecraft-heads.com/custom-heads/blocks/25057-glazed-terracotta-magenta-sideways,1,eyJ0ZXh0dXJlcyI6eyJTS0lOIjp7InVybCI6Imh0dHA6Ly90ZXh0dXJlcy5taW5lY3JhZnQubmV0L3RleHR1cmUvYzkyM2MyM2ZjNDc4OTI1MmQ0ZGY3M2VkYjg2NjNlNDMwOTQxMjRkYjc5ZDY2NjgyOWJmMzc2NDMyZTExYzEzMSJ9fX0=
Glazed Terracotta (magenta),https://minecraft-heads.com/custom-heads/blocks/21543-glazed-terracotta-magenta,1,eyJ0ZXh0dXJlcyI6eyJTS0lOIjp7InVybCI6Imh0dHA6Ly90ZXh0dXJlcy5taW5lY3JhZnQubmV0L3RleHR1cmUvM2U2MTdiZWQ4ZTk3ZDQwODc5OTNlYzBjODk4Zjg3NzJjNDUyYjk5ZDhiNGI5YTQ1ZTNlYzQzNDkzMDQwOWVlOSJ9fX0=
Glazed Terracotta (orange),https://minecraft-heads.com/custom-heads/blocks/21550-glazed-terracotta-orange,1,eyJ0ZXh0dXJlcyI6eyJTS0lOIjp7InVybCI6Imh0dHA6Ly90ZXh0dXJlcy5taW5lY3JhZnQubmV0L3RleHR1cmUvNGFlYjA0ZGU4MTljMTc3NjY4YzUxMzkyNjQzN2QwZWNjMTY4NGUwMjRkMWQ4NjdhZjQ1OTAxY2I0NjFiYjQ3NSJ9fX0=
Glazed Terracotta (pink),https://minecraft-heads.com/custom-heads/blocks/21557-glazed-terracotta-pink,1,eyJ0ZXh0dXJlcyI6eyJTS0lOIjp7InVybCI6Imh0dHA6Ly90ZXh0dXJlcy5taW5lY3JhZnQubmV0L3RleHR1cmUvMWMxMjBhYzJmZTJiZDdjZGMyZTg2YTUzNDA4NDQ5ZTM4OTkxNTk5NWQ0OTE3MDEzMWE5YzkyMGRlYjA1OTkyZSJ9fX0=
Glazed Terracotta (purple),https://minecraft-heads.com/custom-heads/blocks/21544-glazed-terracotta-purple,1,eyJ0ZXh0dXJlcyI6eyJTS0lOIjp7InVybCI6Imh0dHA6Ly90ZXh0dXJlcy5taW5lY3JhZnQubmV0L3RleHR1cmUvNmI3NWU4N2Q1MGNiODk2NmEzYTU2ZjczZDBhMTY2NDI5NDhmZjdkMTQ3OWI3ZDU5MDU0MTU0YmY2YmUwM2NkNCJ9fX0=
Glazed Terracotta (red),https://minecraft-heads.com/custom-heads/blocks/21551-glazed-terracotta-red,1,eyJ0ZXh0dXJlcyI6eyJTS0lOIjp7InVybCI6Imh0dHA6Ly90ZXh0dXJlcy5taW5lY3JhZnQubmV0L3RleHR1cmUvMmQyMjI1YmZkNjRlN2Y3YmVjOTZiZDgzMGU1YzgxYmMzMGZkZTk2YmJkYTE2YTBjNWJjZTViNWVjMThiNmUxMiJ9fX0=
Glazed Terracotta (white),https://minecraft-heads.com/custom-heads/blocks/21553-glazed-terracotta-white,1,eyJ0ZXh0dXJlcyI6eyJTS0lOIjp7InVybCI6Imh0dHA6Ly90ZXh0dXJlcy5taW5lY3JhZnQubmV0L3RleHR1cmUvZDJkODk1Nzg5ZjM4OTQ3ODhhYWRmNjMxZDg4MDRiODRmOWUzZDdkMmI4N2YwNDhlOTM4ODhiNDhlNmVhMGM4YiJ9fX0=
Glazed Terracotta (yellow),https://minecraft-heads.com/custom-heads/blocks/21549-glazed-terracotta-yellow,1,eyJ0ZXh0dXJlcyI6eyJTS0lOIjp7InVybCI6Imh0dHA6Ly90ZXh0dXJlcy5taW5lY3JhZnQubmV0L3RleHR1cmUvODc4NzI4OTEyNDE0ODUzYTU2M2M5NWNkZjExOWFjNmIyZDQ4NmUzNzg0ZWNlNmJiMTc0NWZhNGI3ZDZjNDAwMiJ9fX0=
Glowstone,,1,eyJ0ZXh0dXJlcyI6eyJTS0lOIjp7InVybCI6Imh0dHA6Ly90ZXh0dXJlcy5taW5lY3JhZnQubmV0L3RleHR1cmUvYzQ2ZDM0OTU4Zjg3MDQxYjVlNGFmNjQxMjM4NjAwYTI3N2YwNjRmZjIyZGMxM2Y2YWY5YjZiZTU1NDdkZDc5MCJ9fX0
Gold Block,https://minecraft-heads.com/custom-heads/blocks/25058-gold-block,1,eyJ0ZXh0dXJlcyI6eyJTS0lOIjp7InVybCI6Imh0dHA6Ly90ZXh0dXJlcy5taW5lY3JhZnQubmV0L3RleHR1cmUvOTdmNTdlN2FhOGRlODY1OTFiYjBiYzUyY2JhMzBhNDlkOTMxYmZhYmJkNDdiYmM4MGJkZDY2MjI1MTM5MjE2MSJ9fX0=
Gold Ore,https://minecraft-heads.com/custom-heads/blocks/105-gold-ore,1,eyJ0ZXh0dXJlcyI6eyJTS0lOIjp7InVybCI6Imh0dHA6Ly90ZXh0dXJlcy5taW5lY3JhZnQubmV0L3RleHR1cmUvNzNiYzk2NWQ1NzljM2M2MDM5ZjBhMTdlYjdjMmU2ZmFmNTM4YzdhNWRlOGU2MGVjN2E3MTkzNjBkMGE4NTdhOSJ9fX0=
Golden Apple,https://minecraft-heads.com/custom-heads/plants/31770-golden-apple,1,eyJ0ZXh0dXJlcyI6eyJTS0lOIjp7InVybCI6Imh0dHA6Ly90ZXh0dXJlcy5taW5lY3JhZnQubmV0L3RleHR1cmUvNDIxY2FiNDA5NWU3MWJkOTI1Y2Y0NjQ5OTBlMThlNDNhZGI3MjVkYjdjYzE3NWZkOWQxZGVjODIwOTE0YjNkZSJ9fX0=
Granite,https://minecraft-heads.com/custom-heads/blocks/26965-granite,1,eyJ0ZXh0dXJlcyI6eyJTS0lOIjp7InVybCI6Imh0dHA6Ly90ZXh0dXJlcy5taW5lY3JhZnQubmV0L3RleHR1cmUvZGU4YmJmYjcyOWZmOTE3Zjk1MGVjYTdkNzUzMzE3YzFjNzA0ZDAyNmVhMTAyNWVmMzFhZWFlNWE0MGIzYzg4In19fQ==
Grass Block (alpha),https://minecraft-heads.com/custom-heads/blocks/17006-grass-block-alpha,1,eyJ0ZXh0dXJlcyI6eyJTS0lOIjp7InVybCI6Imh0dHA6Ly90ZXh0dXJlcy5taW5lY3JhZnQubmV0L3RleHR1cmUvMzQ5YzYzYmM1MDg3MjMzMjhhMTllNTk3ZjQwODYyZDI3YWQ1YzFkNTQ1NjYzYWMyNDQ2NjU4MmY1NjhkOSJ9fX0=
Gravel,https://minecraft-heads.com/custom-heads/blocks/23732-gravel,1,eyJ0ZXh0dXJlcyI6eyJTS0lOIjp7InVybCI6Imh0dHA6Ly90ZXh0dXJlcy5taW5lY3JhZnQubmV0L3RleHR1cmUvYzc1NDMxOGEzMzc2ZjQ3MGU0ODFkZmNkNmM4M2E1OWFhNjkwYWQ0YjRkZDc1NzdmZGFkMWMyZWYwOGQ4YWVlNiJ9fX0=
Hay Bale,https://minecraft-heads.com/custom-heads/decoration/26907-hay-bale,1,eyJ0ZXh0dXJlcyI6eyJTS0lOIjp7InVybCI6Imh0dHA6Ly90ZXh0dXJlcy5taW5lY3JhZnQubmV0L3RleHR1cmUvNTFhYzVjNGVmNzUwMWFiMWViOWEyNzg5YWQ2ZTY1YWNkZjZhMjczMThkOGRlNTM1NmZlMjQ3NTE3M2E2MThmIn19fQ==
Hay Bale (3D sideways 1),https://minecraft-heads.com/custom-heads/decoration/20449-hay-bale-sideways,1,eyJ0ZXh0dXJlcyI6eyJTS0lOIjp7InVybCI6Imh0dHA6Ly90ZXh0dXJlcy5taW5lY3JhZnQubmV0L3RleHR1cmUvZjdjMzNjZDBjMTRiYTgzMGRhMTQ5OTA3ZjdhNmFhZTgzNWI2YTM1YWVhMDFlMGNlMDczZmIzYzU5Y2M0NjMyNiJ9fX0=
Hay Bale (3D sideways 2),https://minecraft-heads.com/custom-heads/decoration/29486-hay-bale-sideways,1,eyJ0ZXh0dXJlcyI6eyJTS0lOIjp7InVybCI6Imh0dHA6Ly90ZXh0dXJlcy5taW5lY3JhZnQubmV0L3RleHR1cmUvMTgxYWE3MTI2NzY1NGM0YzE3ZjIzZGQ1NmY5ZjU1NDE3YzZlNjA1YjYwOTUxNTc4ODdmZGVmY2Q1OGJiZTMxNyJ9fX0=
Hay Bale (3D),https://minecraft-heads.com/custom-heads/decoration/29487-hay-bale,1,eyJ0ZXh0dXJlcyI6eyJTS0lOIjp7InVybCI6Imh0dHA6Ly90ZXh0dXJlcy5taW5lY3JhZnQubmV0L3RleHR1cmUvNzY4ZmZkNGMzZDczZjMyZDM5ZWFkZTMxMDU1NjE1MGJhNDkwZTBkOTM0ZWM0YTY5MjNjOWViYmFiYmI5YzI0NiJ9fX0=
Honey Block,https://minecraft-heads.com/custom-heads/blocks/33521-honey-block,1,eyJ0ZXh0dXJlcyI6eyJTS0lOIjp7InVybCI6Imh0dHA6Ly90ZXh0dXJlcy5taW5lY3JhZnQubmV0L3RleHR1cmUvNWI3YjE0ZjNjNzg3ODVjMWZkMjQ0MjU1ZTA1ZDUzN2Q2YzU1MTIwNzI2MmE2MGMzODEyNWMwMWY2NjNhMDc1ZSJ9fX0=
Horn Coral,https://minecraft-heads.com/custom-heads/blocks/18252-horn-coral,1,eyJ0ZXh0dXJlcyI6eyJTS0lOIjp7InVybCI6Imh0dHA6Ly90ZXh0dXJlcy5taW5lY3JhZnQubmV0L3RleHR1cmUvMzQ5MWI2ZTZhZTk0NTFjNDdlMDliZjFmZjIzZDUwZmZmODdiYTU5MjdhNTFmNDZmZmVkZjkyNmM1Y2JkZTc3ZiJ9fX0=
Ice,https://minecraft-heads.com/custom-heads/blocks/18245-ice,1,eyJ0ZXh0dXJlcyI6eyJTS0lOIjp7InVybCI6Imh0dHA6Ly90ZXh0dXJlcy5taW5lY3JhZnQubmV0L3RleHR1cmUvNmE4M2QxYWFjMDY2ZGZkN2Q2NjhhZjFmNmIyZTUyMDE1MmFlYmI2MjQ1MjRhMGY5OWQ1MDkzNWJhM2Q0ZTIyYSJ9fX0=
Iron Block,https://minecraft-heads.com/custom-heads/blocks/99-iron-block,1,eyJ0ZXh0dXJlcyI6eyJTS0lOIjp7InVybCI6Imh0dHA6Ly90ZXh0dXJlcy5taW5lY3JhZnQubmV0L3RleHR1cmUvMTI2Yjc3MjMyOWNmMzJmODY0M2M0OTI4NjI2YjZhMzI1MjMzZmY2MWFhOWM3NzI1ODczYTRiZDY2ZGIzZDY5MiJ9fX0=
Iron Ore,https://minecraft-heads.com/custom-heads/blocks/95-iron-ore,1,eyJ0ZXh0dXJlcyI6eyJTS0lOIjp7InVybCI6Imh0dHA6Ly90ZXh0dXJlcy5taW5lY3JhZnQubmV0L3RleHR1cmUvMTAxODQzZWM0M2YwODhjOTYzZmZjM2UyZjcxYzY2ZTMxNTU5NDNiMTc3YTFhMzU5ODJiMTIwZjZmNjQ4MjJiYyJ9fX0=
Jack OLantern,https://minecraft-heads.com/custom-heads/plants/37556-jack-olantern,1,eyJ0ZXh0dXJlcyI6eyJTS0lOIjp7InVybCI6Imh0dHA6Ly90ZXh0dXJlcy5taW5lY3JhZnQubmV0L3RleHR1cmUvZDM1Y2QxMWM1NzcxYzk1N2ExMzExNzI0NTExY2U2MzBlMGI5NGRkM2Y5MzY3NWU4M2E0MmJhMDYxZGQyZTMifX19
Jukebox,https://minecraft-heads.com/custom-heads/decoration/17104-jukebox,1,eyJ0ZXh0dXJlcyI6eyJTS0lOIjp7InVybCI6Imh0dHA6Ly90ZXh0dXJlcy5taW5lY3JhZnQubmV0L3RleHR1cmUvYTYyMGI4MmNmMTFlM2MxMzcxY2M1MWViOWUzMTJkZTcyYTZhNjI2NjQ0OTRlZDJjYjcxODFiMWJkZmJjOTI3OCJ9fX0=
Jungle Log,https://minecraft-heads.com/custom-heads/blocks/1657-jungle-log,1,eyJ0ZXh0dXJlcyI6eyJTS0lOIjp7InVybCI6Imh0dHA6Ly90ZXh0dXJlcy5taW5lY3JhZnQubmV0L3RleHR1cmUvNzljYTM1NDA2MjFjMWM3OWMzMmJmNDI0Mzg3MDhmZjFmNWY3ZDBhZjliMTRhMDc0NzMxMTA3ZWRmZWI2OTFjIn19fQ==
Jungle Log (rounded - sideways),https://minecraft-heads.com/custom-heads/blocks/1924-jungle-log-rounded,1,eyJ0ZXh0dXJlcyI6eyJTS0lOIjp7InVybCI6Imh0dHA6Ly90ZXh0dXJlcy5taW5lY3JhZnQubmV0L3RleHR1cmUvZmRmMTQzN2ExMTNhOGI2NjM2NmNhMjI1NGI0NWM0ZmY1OGU4Nzg4NzNjNmUyZmFmODgzNjI3NzRlMmYxNDYifX19
Jungle Log (rounded),https://minecraft-heads.com/custom-heads/blocks/1930-jungle-log-rounded,1,eyJ0ZXh0dXJlcyI6eyJTS0lOIjp7InVybCI6Imh0dHA6Ly90ZXh0dXJlcy5taW5lY3JhZnQubmV0L3RleHR1cmUvZWI0ZjZmNjg4ZTc3M2I0MjVmMjVhNzYzNDI3YzdlODViZTlkMjY1YWFhYjA0M2ZiN2NlNzRkZjhkMTE3ZGQ4YSJ9fX0=
Jungle Planks,https://minecraft-heads.com/custom-heads/blocks/29409-jungle-planks,1,eyJ0ZXh0dXJlcyI6eyJTS0lOIjp7InVybCI6Imh0dHA6Ly90ZXh0dXJlcy5taW5lY3JhZnQubmV0L3RleHR1cmUvNDA3ZjU0OTNmODlhMDA4YmY5Mjk3YzQ0M2Q1NDE2ZjM1YzEzNTI1MDRmNDE0OTBkZGQzZGFkMTJiNmVhOGFmZSJ9fX0=
Lapis Lazuli Block,https://minecraft-heads.com/custom-heads/blocks/29480-lapis-lazuli-block,1,eyJ0ZXh0dXJlcyI6eyJTS0lOIjp7InVybCI6Imh0dHA6Ly90ZXh0dXJlcy5taW5lY3JhZnQubmV0L3RleHR1cmUvNTUxODliMzc5YTc4ODBmZjlhNGJiZDU4OGFkYjRlMWI3YjljMzM0MWRlN2Q2ZDAwNmQzNjJhZTU0NTBkYTk4NiJ9fX0=
Lapis Lazuli Ore,https://minecraft-heads.com/custom-heads/blocks/149-lapis-lazuli-ore,1,eyJ0ZXh0dXJlcyI6eyJTS0lOIjp7InVybCI6Imh0dHA6Ly90ZXh0dXJlcy5taW5lY3JhZnQubmV0L3RleHR1cmUvMjY1NGI2ZDk0OWE0NmQ4NmVjMDE1NDhjODkyYTU2OGI4Y2RhZDQ2NDZjYjJlMjk2ZDBkZDU4YWY3Nzk0NzEifX19
Lava,https://minecraft-heads.com/custom-heads/blocks/14312-lava,1,eyJ0ZXh0dXJlcyI6eyJTS0lOIjp7InVybCI6Imh0dHA6Ly90ZXh0dXJlcy5taW5lY3JhZnQubmV0L3RleHR1cmUvOTY3OTYzY2FiNjU3ZDI1NDlkZWE1MzRiZTIzODQ5OWQ2NGQ2MTY1YTU5MmNhMzYxNTEyNjg3YTk2ZWQ5NjAifX19
Leaves,https://minecraft-heads.com/custom-heads/plants/25835-leaves,1,eyJ0ZXh0dXJlcyI6eyJTS0lOIjp7InVybCI6Imh0dHA6Ly90ZXh0dXJlcy5taW5lY3JhZnQubmV0L3RleHR1cmUvMTRjNjI4NDhhZTE0YmE2ZDczNjkyMWRhOWFjMWY1ZDQ2MDZjMWM0ZmUxM2RjODQzOTYxZDZiZmJiMzMwYmMifX19
Magma Block,https://minecraft-heads.com/custom-heads/blocks/3030-magma,1,eyJ0ZXh0dXJlcyI6eyJTS0lOIjp7InVybCI6Imh0dHA6Ly90ZXh0dXJlcy5taW5lY3JhZnQubmV0L3RleHR1cmUvYmI1MDhjNzc5ZjMxMmRhZmYzMzdkMTM3ZjM0ZGQzNjVhM2Y5YzEzMmJkOTJlYjBjNWZmYWI3YzViNGE1NWM1In19fQ==
Melon,https://minecraft-heads.com/custom-heads/plants/29485-melon,1,eyJ0ZXh0dXJlcyI6eyJTS0lOIjp7InVybCI6Imh0dHA6Ly90ZXh0dXJlcy5taW5lY3JhZnQubmV0L3RleHR1cmUvODlmYzljNWI4NzM2ZjM2ZjM0MDVjYmUxMzYzZDQzNGMxNDFjZDIzYWFjMDQxODY0NzZhZjBhMGY3ODc3YWVmNCJ9fX0=
Mossy Cobblestone,https://minecraft-heads.com/custom-heads/blocks/27978-mossy-cobblestone-flat,1,eyJ0ZXh0dXJlcyI6eyJTS0lOIjp7InVybCI6Imh0dHA6Ly90ZXh0dXJlcy5taW5lY3JhZnQubmV0L3RleHR1cmUvNWFlZjJlOTVkNDliNGJmZjM2NTBjZjc4YmExNjYxMzJiM2YzMTEzOTdkZmU1YTU4ZTNhZGRmMmM1MjY4ODc0NCJ9fX0=
Mossy Cobblestone (3D),https://minecraft-heads.com/custom-heads/blocks/27979-mossy-cobblestone,1,eyJ0ZXh0dXJlcyI6eyJTS0lOIjp7InVybCI6Imh0dHA6Ly90ZXh0dXJlcy5taW5lY3JhZnQubmV0L3RleHR1cmUvNzliY2NlYmQ3NzlhM2ZlNTVjNTZhNGQ1NDY1NjAyMGE5NGVjNTM5YTQ1ZGZmNDNlOGZlODc4ODVkZWRjOWQ5NiJ9fX0=
Mossy Stone Bricks,https://minecraft-heads.com/custom-heads/blocks/8658-mossy-stone-bricks,1,eyJ0ZXh0dXJlcyI6eyJTS0lOIjp7InVybCI6Imh0dHA6Ly90ZXh0dXJlcy5taW5lY3JhZnQubmV0L3RleHR1cmUvYWFiNzFhMjJjOTMxOTExMDM2YjkzMGUyYzg0MjYxOTI0ZGM5ZTM0MWYzMWMyY2QzZDBmNmYxZGYxNjM5MTQ4NSJ9fX0=
Mushroom,https://minecraft-heads.com/custom-heads/plants/12261-mushroom,1,eyJ0ZXh0dXJlcyI6eyJTS0lOIjp7InVybCI6Imh0dHA6Ly90ZXh0dXJlcy5taW5lY3JhZnQubmV0L3RleHR1cmUvNDAyNDdkMjNhZDg3Nzg2YTI3NTNiM2Q4ZGY1ZGRkMzIzZDMyMjdkNTQ4NzE5YzZlZDQ0NmRhNzMwOTczNyJ9fX0=
Mushroom,https://minecraft-heads.com/custom-heads/plants/37529-mushroom,1,eyJ0ZXh0dXJlcyI6eyJTS0lOIjp7InVybCI6Imh0dHA6Ly90ZXh0dXJlcy5taW5lY3JhZnQubmV0L3RleHR1cmUvNzI2NWQ5OWVlODgxYjc0MTQ2ZTBmMTk4MDkxMmQ0NzZmZmViYmEyOWUxNTQ5MDM4ZTFkOTQ4ZjQwMTQ0MjJlYiJ9fX0=
Mushroom Stem,https://minecraft-heads.com/custom-heads/blocks/29474-mushroom-stem,1,eyJ0ZXh0dXJlcyI6eyJTS0lOIjp7InVybCI6Imh0dHA6Ly90ZXh0dXJlcy5taW5lY3JhZnQubmV0L3RleHR1cmUvOWRhMzIzZWJiYzRiMWI1NjQ0ZmVlM2EwZjFlNWIxNTUwMWJlNmIxOWEwZmQzOGQzZTBiYTkwM2Y4NjBhM2MyZSJ9fX0=
Mycelium,https://minecraft-heads.com/custom-heads/blocks/17003-mycelium,1,eyJ0ZXh0dXJlcyI6eyJTS0lOIjp7InVybCI6Imh0dHA6Ly90ZXh0dXJlcy5taW5lY3JhZnQubmV0L3RleHR1cmUvN2ViNGM0MWY0ODFlODE2Y2Y0YjUwN2IwYTE3NTk1ZjJiYTFmMjQ2NjRkYzQzMmJlMzQ3ZDRlN2E0ZWIzIn19fQ==
Nether Bricks,https://minecraft-heads.com/custom-heads/blocks/29459-nether-bricks,1,eyJ0ZXh0dXJlcyI6eyJTS0lOIjp7InVybCI6Imh0dHA6Ly90ZXh0dXJlcy5taW5lY3JhZnQubmV0L3RleHR1cmUvNzI3YmY4NzY0MzVlMDRkZGU5ZGExOTkyNDMxNWFlNTlhOGVmYzI3YWYxZGRiZWY4MTNkODljZmFmZmU5MTY0NyJ9fX0=
Nether Gold Ore,https://minecraft-heads.com/custom-heads/blocks/35403-nether-gold-ore,1,eyJ0ZXh0dXJlcyI6eyJTS0lOIjp7InVybCI6Imh0dHA6Ly90ZXh0dXJlcy5taW5lY3JhZnQubmV0L3RleHR1cmUvYWNhOGMwZmNhOTc4MDg5OWM3MzQ5MmE1ZDJkZTQ0ZmRkZjhkMGZjOWI3NjJmZmU0NTE2NTk0N2RkYjc2MzJiYiJ9fX0=
Nether Quartz Ore,,1,eyJ0ZXh0dXJlcyI6eyJTS0lOIjp7InVybCI6Imh0dHA6Ly90ZXh0dXJlcy5taW5lY3JhZnQubmV0L3RleHR1cmUvZGVhYzNhZmJhNjdhNWJhMTZhOTgzMTM3NDJhODJiMmJkODRkOTFhYzMyYTAyZWE4N2YxNWIxNDZjNzkwZTQ4YiJ9fX0
Nether Wart Block,https://minecraft-heads.com/custom-heads/blocks/14313-nether-wart-block,1,eyJ0ZXh0dXJlcyI6eyJTS0lOIjp7InVybCI6Imh0dHA6Ly90ZXh0dXJlcy5taW5lY3JhZnQubmV0L3RleHR1cmUvZjg5MTJiYzFhZDNkZGJlMzlhMTliNzM0YTQyZDg1NDg5NjRiYjBhOWNlNThhNTJmMWE2YWUzNzEyMTUyNCJ9fX0=
Netherrack,https://minecraft-heads.com/custom-heads/search?searchword=netherrack,1,eyJ0ZXh0dXJlcyI6eyJTS0lOIjp7InVybCI6Imh0dHA6Ly90ZXh0dXJlcy5taW5lY3JhZnQubmV0L3RleHR1cmUvNGJmZDdlMDlkY2FkNGM2MTI0NzQ0N2M3N2QyNDZkMjIwZWE5MWQ5OGNhYWJlZDUxNjlkYzViODEzN2ZlYzkifX19
Oak Log,https://minecraft-heads.com/custom-heads/blocks/1655-oak-log,1,eyJ0ZXh0dXJlcyI6eyJTS0lOIjp7InVybCI6Imh0dHA6Ly90ZXh0dXJlcy5taW5lY3JhZnQubmV0L3RleHR1cmUvNmQyZTMxMDg3OWE2NDUwYWY1NjI1YmNkNDUwOTNkZDdlNWQ4ZjgyN2NjYmZlYWM2OWM4MTUzNzc2ODQwNmIifX19
Oak Log (rounded - sideways),https://minecraft-heads.com/custom-heads/blocks/1926-oak-log-rounded,1,eyJ0ZXh0dXJlcyI6eyJTS0lOIjp7InVybCI6Imh0dHA6Ly90ZXh0dXJlcy5taW5lY3JhZnQubmV0L3RleHR1cmUvMjBjZDEzMjIzYThkOWMxNzNjZWRjZTZjNGJlYmViYTA2YTI0YTFiYTI3NWRkM2ViNWM3OTMzZjlhNzRiYTAxMSJ9fX0=
Oak Log (rounded),https://minecraft-heads.com/custom-heads/blocks/1932-oak-log-rounded,1,eyJ0ZXh0dXJlcyI6eyJTS0lOIjp7InVybCI6Imh0dHA6Ly90ZXh0dXJlcy5taW5lY3JhZnQubmV0L3RleHR1cmUvNWFlODI2ZTdkYjg0NDdmYmQ2Mjk4OGZlZTBlODNiYmRkNjk0Mzc4YWVmMTJkMjU3MmU5NzVmMDU5YTU0OTkwIn19fQ==
Oak Planks,https://minecraft-heads.com/custom-heads/blocks/29395-oak-planks,1,eyJ0ZXh0dXJlcyI6eyJTS0lOIjp7InVybCI6Imh0dHA6Ly90ZXh0dXJlcy5taW5lY3JhZnQubmV0L3RleHR1cmUvNGU2YzY2NWI4MjczODlhYWU0MjNmMGJjNzAzYjZjY2E4M2I1MTgxZDMzZjYwZjcyNzI4MzY3NGY4MDE0YTQ1NiJ9fX0=
Observer,https://minecraft-heads.com/custom-heads/decoration/22918-observer,1,eyJ0ZXh0dXJlcyI6eyJTS0lOIjp7InVybCI6Imh0dHA6Ly90ZXh0dXJlcy5taW5lY3JhZnQubmV0L3RleHR1cmUvNjkyZjRmMTU1ZGE5ZjE0MTc3NDY0MjkwODY1YTFiMjVhMjBhZTAyZTA4NzRiYmM5N2RhNTEzZGNmMzM3ZTY1YyJ9fX0=
Obsidian,https://minecraft-heads.com/custom-heads/blocks/29458-obsidian,1,eyJ0ZXh0dXJlcyI6eyJTS0lOIjp7InVybCI6Imh0dHA6Ly90ZXh0dXJlcy5taW5lY3JhZnQubmV0L3RleHR1cmUvNGRlNzE5YjcyOTA5ZWZhMDk3ODE1YTYzMzgwZjQ0NTZhZjllNGFmZWJkZDg5NGU1YjU4YjdjOWUwNTY3NTU3NyJ9fX0=
Packed Ice,https://minecraft-heads.com/custom-heads/blocks/29472-packed-ice,1,eyJ0ZXh0dXJlcyI6eyJTS0lOIjp7InVybCI6Imh0dHA6Ly90ZXh0dXJlcy5taW5lY3JhZnQubmV0L3RleHR1cmUvMjZlNDI5YzYwOTMyZWJjMzY2ZTc5MWE0MmUxODZhZjg4OGRlMDhlNWQ4ZWI4YWM2ZjViNmY0ZDQ0MGRiNDg2YyJ9fX0=
Phantom Spawner,https://minecraft-heads.com/custom-heads/decoration/36413-phantom-spawner,1,eyJ0ZXh0dXJlcyI6eyJTS0lOIjp7InVybCI6Imh0dHA6Ly90ZXh0dXJlcy5taW5lY3JhZnQubmV0L3RleHR1cmUvNDQzNTZhMDE3M2Q0Yzg4ZWRhODA4ODk0ZmQ3ZWNkZjMzZmU0ODg4YjlkNTJkZTA4NGRlZjBjYTk1NTNhNTQ4YiJ9fX0=
Pig Spawner,https://minecraft-heads.com/custom-heads/decoration/36058-pig-spawner,1,eyJ0ZXh0dXJlcyI6eyJTS0lOIjp7InVybCI6Imh0dHA6Ly90ZXh0dXJlcy5taW5lY3JhZnQubmV0L3RleHR1cmUvY2IzOWQyNTVjZTNmNDg3ZTk0MzJkN2RlOTdiOTI5NGMzYTgxZWJiNTk4NjNhZDBlZmRiOTIzOGUzMDYxODQ1NCJ9fX0=
Piston,https://minecraft-heads.com/custom-heads/decoration/1057-piston,1,eyJ0ZXh0dXJlcyI6eyJTS0lOIjp7InVybCI6Imh0dHA6Ly90ZXh0dXJlcy5taW5lY3JhZnQubmV0L3RleHR1cmUvMTI3NDNhOGJlYTc1MmQ2ZGFmNjcyZGVhMzY3ZTFhNWQzOThhZWNiZTBjM2M4NDgzYTkwZWM5YWM0NDEyYTQxIn19fQ==
Pocket Portal,https://minecraft-heads.com/custom-heads/decoration/36295-pocket-portal,1,eyJ0ZXh0dXJlcyI6eyJTS0lOIjp7ImlkIjoiMTkwM2NhNWE3MjgzNDExODk5NjMwYTY5OTM3MTY3NmMiLCJ0eXBlIjoiU0tJTiIsInVybCI6Imh0dHA6Ly90ZXh0dXJlcy5taW5lY3JhZnQubmV0L3RleHR1cmUvMmM5MTVkYjNmYzQwYTc5YjYzYzJjNDUzZjBjNDkwOTgxZTUyMjdjNTAyNzUwMTI4MzI3MjEzODUzM2RlYTUxOSIsInByb2ZpbGVJZCI6IjgwMThhYjAwYjJhZTQ0Y2FhYzliZjYwZWY5MGY0NWU1IiwidGV4dHVyZUlkIjoiMmM5MTVkYjNmYzQwYTc5YjYzYzJjNDUzZjBjNDkwOTgxZTUyMjdjNTAyNzUwMTI4MzI3MjEzODUzM2RlYTUxOSJ9fSwic2tpbiI6eyJpZCI6IjE5MDNjYTVhNzI4MzQxMTg5OTYzMGE2OTkzNzE2NzZjIiwidHlwZSI6IlNLSU4iLCJ1cmwiOiJodHRwOi8vdGV4dHVyZXMubWluZWNyYWZ0Lm5ldC90ZXh0dXJlLzJjOTE1ZGIzZmM0MGE3OWI2M2MyYzQ1M2YwYzQ5MDk4MWU1MjI3YzUwMjc1MDEyODMyNzIxMzg1MzNkZWE1MTkiLCJwcm9maWxlSWQiOiI4MDE4YWIwMGIyYWU0NGNhYWM5YmY2MGVmOTBmNDVlNSIsInRleHR1cmVJZCI6IjJjOTE1ZGIzZmM0MGE3OWI2M2MyYzQ1M2YwYzQ5MDk4MWU1MjI3YzUwMjc1MDEyODMyNzIxMzg1MzNkZWE1MTkifSwiY2FwZSI6bnVsbH0=
Podzol Block,https://minecraft-heads.com/custom-heads/blocks/26539-podzol-block,1,eyJ0ZXh0dXJlcyI6eyJTS0lOIjp7InVybCI6Imh0dHA6Ly90ZXh0dXJlcy5taW5lY3JhZnQubmV0L3RleHR1cmUvZjcwN2JjODcyZTEzMmQ3NjRiYmVlMDhjYzA4NDAxNTUyOWNhZTU1ZmI5NzQ3NDcxYjllNTkzOTAzZmY5YWVlIn19fQ==
Polished Andesite,https://minecraft-heads.com/custom-heads/blocks/20424-polished-andesite,1,eyJ0ZXh0dXJlcyI6eyJTS0lOIjp7InVybCI6Imh0dHA6Ly90ZXh0dXJlcy5taW5lY3JhZnQubmV0L3RleHR1cmUvY2M1OGRmMmYwMDVlZGEwZWExODU3MjNmMGQyNjdhOTE0NGJlMzE4OGJlZWQ4M2Y4NDEyOTU3MmE3YTQ2M2EzOSJ9fX0=
Polished Basalt,https://minecraft-heads.com/custom-heads/blocks/35710-polished-basalt,1,eyJ0ZXh0dXJlcyI6eyJTS0lOIjp7InVybCI6Imh0dHA6Ly90ZXh0dXJlcy5taW5lY3JhZnQubmV0L3RleHR1cmUvNjEyMzUxNmVjMDY5YWUxMjUwMTM1NTQ3ZjU1MDM1ZDM4NDdmNTgxNzhhNWY0NzM5NDMzOTUzNzFhN2ZjM2QyNyJ9fX0=
Polished Basalt (sideways),https://minecraft-heads.com/custom-heads/blocks/35709-polished-basalt-sideways,1,eyJ0ZXh0dXJlcyI6eyJTS0lOIjp7InVybCI6Imh0dHA6Ly90ZXh0dXJlcy5taW5lY3JhZnQubmV0L3RleHR1cmUvZWUxNWI3MDhmYjU5YjMzOTNjYTQ0Y2RjYzQwZjlmZGQ5MTg2NjdjMWZmYzMxYjMyZmQ3ZjIwYWE3YTk2YWI5ZiJ9fX0=
Polished Blackstone,https://minecraft-heads.com/custom-heads/blocks/35708-polished-blackstone,1,eyJ0ZXh0dXJlcyI6eyJTS0lOIjp7InVybCI6Imh0dHA6Ly90ZXh0dXJlcy5taW5lY3JhZnQubmV0L3RleHR1cmUvNWM5ZWUxZDU1OGE4OWYxMWNkNTc3YTkwYjdiMWI5NmZkYTM0YzIxYzQwMDk2MDM5MDgxNWMyM2RiNTRiNjQ3MSJ9fX0=
Polished Diorite,https://minecraft-heads.com/custom-heads/blocks/20423-polished-diorite,1,eyJ0ZXh0dXJlcyI6eyJTS0lOIjp7InVybCI6Imh0dHA6Ly90ZXh0dXJlcy5taW5lY3JhZnQubmV0L3RleHR1cmUvNTA5NjViMmU5Mjk3ZjFhZDUzNGQyZjBlMjJlZDkxOGNhMzIwN2M0ZjBiOWM0NDM3MmU1MDkzNTMyMThkNmI4ZSJ9fX0=
Polished Granite,https://minecraft-heads.com/custom-heads/blocks/20422-polished-granite,1,eyJ0ZXh0dXJlcyI6eyJTS0lOIjp7InVybCI6Imh0dHA6Ly90ZXh0dXJlcy5taW5lY3JhZnQubmV0L3RleHR1cmUvZmRkMzQ0NzgwMGNiMjhkNjFjMzNlOThjNWY1ZjAyMGE5YWE2NmQ5OTkzNTk0NGI2MDI3OTg3M2RkNTY2ZWRkMCJ9fX0=
Popped Chorus Fruit,https://minecraft-heads.com/custom-heads/plants/22486-popped-chorus-fruit,1,eyJ0ZXh0dXJlcyI6eyJTS0lOIjp7InVybCI6Imh0dHA6Ly90ZXh0dXJlcy5taW5lY3JhZnQubmV0L3RleHR1cmUvNTU5MzM1ZDkxYmIzOWJhNjg1YmE1NjEyY2NmY2FlOGFhZGEzNDYxYTlkMDc4NjZjZDRlMGIyNjZjODY0ZTEwNyJ9fX0=
Potato,https://minecraft-heads.com/custom-heads/plants/6358-potato,1,eyJ0ZXh0dXJlcyI6eyJTS0lOIjp7InVybCI6Imh0dHA6Ly90ZXh0dXJlcy5taW5lY3JhZnQubmV0L3RleHR1cmUvZGJmYjZkNGE1NGMxN2UyNzQ4NDM3YWNjNzA5OGZiYjFhM2ExMmE0MDdmNTFiM2U0OTU0MjMzMjcxNDg0NmZkOCJ9fX0=
Potted Cactus,https://minecraft-heads.com/custom-heads/decoration/18145-potted-cactus,1,eyJ0ZXh0dXJlcyI6eyJTS0lOIjp7InVybCI6Imh0dHA6Ly90ZXh0dXJlcy5taW5lY3JhZnQubmV0L3RleHR1cmUvNjllMGQ2MzViZDgxOTBhNWYzZDY4MGNiNTAzODI2MDg3MDkwNWNjOWExYTQyNzY3NGY0Zjk5YWI1ODYzMjMzOSJ9fX0=
Potted Pufferfish,https://minecraft-heads.com/custom-heads/animals/23299-potted-pufferfish,1,eyJ0ZXh0dXJlcyI6eyJTS0lOIjp7InVybCI6Imh0dHA6Ly90ZXh0dXJlcy5taW5lY3JhZnQubmV0L3RleHR1cmUvNzlkYmEyOWM4ODI4YTQ5MDliOTRhZWU0MmRkYTg4ZTgwNGM1YzJkOGZlZTcwODQ3ZmM2NTRjYzI3MGZmNWQzNiJ9fX0=
Potted Rose Plant,https://minecraft-heads.com/custom-heads/decoration/260-potted-rose-plant,1,eyJ0ZXh0dXJlcyI6eyJTS0lOIjp7InVybCI6Imh0dHA6Ly90ZXh0dXJlcy5taW5lY3JhZnQubmV0L3RleHR1cmUvOWRiYTM4ZTlmYzY3ZjcyYzQ1OGZkYWM4ZWNkN2NhYmFlZDNlYjgzNzM3MTQzYTAxMjgzNTBhMWFiMzgxZTNlIn19fQ==
Prismarine,https://minecraft-heads.com/custom-heads/blocks/1061-prismarine,1,eyJ0ZXh0dXJlcyI6eyJTS0lOIjp7InVybCI6Imh0dHA6Ly90ZXh0dXJlcy5taW5lY3JhZnQubmV0L3RleHR1cmUvOTdlNTYxNDA2ODZlNDc2YWVmNTUyMGFjYmFiYzIzOTUzNWZmOTdlMjRiMTRkODdmNDk4MmYxMzY3NWMifX19
Prismarine Bricks,https://minecraft-heads.com/custom-heads/blocks/29467-prismarine-bricks,1,eyJ0ZXh0dXJlcyI6eyJTS0lOIjp7InVybCI6Imh0dHA6Ly90ZXh0dXJlcy5taW5lY3JhZnQubmV0L3RleHR1cmUvOWRmZWYwM2E5ZDlmYTdhYTljMTM4NjdhZTdmODhhMDBhNzA4YTA2ZGYyNGVjMWQ1YjY5NmQwZjc3YTFiOTZiMSJ9fX0=
Pumpkin,https://minecraft-heads.com/custom-heads/plants/4598-pumpkin,1,eyJ0ZXh0dXJlcyI6eyJTS0lOIjp7InVybCI6Imh0dHA6Ly90ZXh0dXJlcy5taW5lY3JhZnQubmV0L3RleHR1cmUvNzNiMTcyYTk3OWVmZjliZjViZmI4MGViODUxNWQ5M2U0ODg4Y2M0MWNkODA2NDczZjJhOWEwZDhiZDI5ZTMifX19
Purpur Block,https://minecraft-heads.com/custom-heads/blocks/1940-purpur-block,1,eyJ0ZXh0dXJlcyI6eyJTS0lOIjp7InVybCI6Imh0dHA6Ly90ZXh0dXJlcy5taW5lY3JhZnQubmV0L3RleHR1cmUvNzA4ZjM4MzJiYzE1ZmFjNDE1MjJjZTZlZDFkODhmOTU0M2RkNTcxZjkzNDA3Mzg3NGVmMGNiOWJmY2NlYSJ9fX0=
Quartz Block,https://minecraft-heads.com/custom-heads/blocks/18455-quartz-block,1,eyJ0ZXh0dXJlcyI6eyJTS0lOIjp7InVybCI6Imh0dHA6Ly90ZXh0dXJlcy5taW5lY3JhZnQubmV0L3RleHR1cmUvZDNiNTAwMWE2NzAwN2E5M2FkZTY2NTkxNzVlOTA1NGE5Mjk3NmIwODdmYzYyOWYwNDJiY2Q1N2U3NzU3NjQ2YSJ9fX0=
Quartz Pillar,https://minecraft-heads.com/custom-heads/blocks/29464-quartz-pillar,1,eyJ0ZXh0dXJlcyI6eyJTS0lOIjp7InVybCI6Imh0dHA6Ly90ZXh0dXJlcy5taW5lY3JhZnQubmV0L3RleHR1cmUvYmFlYmYxNzhhNjdmMmVhM2M5ZDg5NmQzODcwZjFmOGNlMzhmYWUwNjBlMDEwYzY5Nzk4YWQzNTFlMzFlNjE5NyJ9fX0=
Quartz Pillar (sideways),https://minecraft-heads.com/custom-heads/blocks/29463-quartz-pillar-sideways,1,eyJ0ZXh0dXJlcyI6eyJTS0lOIjp7InVybCI6Imh0dHA6Ly90ZXh0dXJlcy5taW5lY3JhZnQubmV0L3RleHR1cmUvMjJjYjA0ZWM1NjM4MzY2ZmU2ZDU3MzBkZmYzNDhmNmMwMDE2NDg4M2E1Y2RmMjFlZGFjMmIzMGUyODRjNTE2In19fQ==
Red Mushroom Block,https://minecraft-heads.com/custom-heads/blocks/21906-red-mushroom-block,1,eyJ0ZXh0dXJlcyI6eyJTS0lOIjp7InVybCI6Imh0dHA6Ly90ZXh0dXJlcy5taW5lY3JhZnQubmV0L3RleHR1cmUvODJlNjQyYmE2N2IwYmFkNWY3YWU5NTlhMjQ3YzlhZDFlYzRhOGM2MjQxNGJkZTU2YTgxMDY0Y2Q4YWY2OTE4YSJ9fX0=
Red Nether Bricks,https://minecraft-heads.com/custom-heads/blocks/29457-red-nether-bricks,1,eyJ0ZXh0dXJlcyI6eyJTS0lOIjp7InVybCI6Imh0dHA6Ly90ZXh0dXJlcy5taW5lY3JhZnQubmV0L3RleHR1cmUvMjk1OWFjMjg0ZGZhY2NhNWE4ZTZjMTc5NjA5ODI1ODc1YTc2OGFmMzI5MWM3N2U4YTY4YmQ5MDM0ZGEzZWM2NCJ9fX0=
Red Sand,https://minecraft-heads.com/custom-heads/blocks/14377-red-sand,1,eyJ0ZXh0dXJlcyI6eyJTS0lOIjp7InVybCI6Imh0dHA6Ly90ZXh0dXJlcy5taW5lY3JhZnQubmV0L3RleHR1cmUvYTNjYjU0NjRhYjliODUxYjlkNGFjOGI4Y2RiYjg2NWU3NGM1ODliMzQ4NWFiZWNlNTg5ZDQyOWQ4OTlhZWQifX19
Red Sandstone,https://minecraft-heads.com/custom-heads/blocks/1103-red-sandstone,1,eyJ0ZXh0dXJlcyI6eyJTS0lOIjp7InVybCI6Imh0dHA6Ly90ZXh0dXJlcy5taW5lY3JhZnQubmV0L3RleHR1cmUvZGIzMWJlMTk3YWM3ZDc4YjMwYzM0ZGFjMjY2NWRiZjFhNzRmOTZhNzllNTJjYjhlZDUwODhhZDcwZWU5MzQ4In19fQ==
Redstone Block,https://minecraft-heads.com/custom-heads/blocks/100-redstone-block,1,eyJ0ZXh0dXJlcyI6eyJTS0lOIjp7InVybCI6Imh0dHA6Ly90ZXh0dXJlcy5taW5lY3JhZnQubmV0L3RleHR1cmUvYmI3OGZhNWRlZmU3MmRlYmNkOWM3NmFiOWY0ZTExNDI1MDQ3OWJiOWI0NGY0Mjg4N2JiZjZmNzM4NjEyYiJ9fX0=
Redstone Lamp (off),https://minecraft-heads.com/custom-heads/decoration/94-redstone-lamp-off,1,eyJ0ZXh0dXJlcyI6eyJTS0lOIjp7InVybCI6Imh0dHA6Ly90ZXh0dXJlcy5taW5lY3JhZnQubmV0L3RleHR1cmUvZjNlNzFhZDkxOTUyM2VhY2U5Y2Q2MmEyNWIxOGU0ZTE3YWIzOGQxMjU2MjQxZjQyNjJkZmJhNzI5N2M0ZDkyIn19fQ==
Redstone Lamp (on),https://minecraft-heads.com/custom-heads/decoration/107-redstone-lamp-on,1,eyJ0ZXh0dXJlcyI6eyJTS0lOIjp7InVybCI6Imh0dHA6Ly90ZXh0dXJlcy5taW5lY3JhZnQubmV0L3RleHR1cmUvN2ViNGIzNDUxOWZlMTU4NDdkYmVhNzIyOTE3OWZlZWI2ZWE1NzcxMmQxNjVkY2M4ZmY2Yjc4NWJiNTg5MTFiMCJ9fX0=
Redstone Ore,https://minecraft-heads.com/custom-heads/blocks/104-redstone-ore,1,eyJ0ZXh0dXJlcyI6eyJTS0lOIjp7InVybCI6Imh0dHA6Ly90ZXh0dXJlcy5taW5lY3JhZnQubmV0L3RleHR1cmUvNTY5YTFmMTE0MTUxYjQ1MjEzNzNmMzRiYzE0YzI5NjNhNTAxMWNkYzI1YTY1NTRjNDhjNzA4Y2Q5NmViZmMifX19
Sand,https://minecraft-heads.com/custom-heads/blocks/14378-sand,1,eyJ0ZXh0dXJlcyI6eyJTS0lOIjp7InVybCI6Imh0dHA6Ly90ZXh0dXJlcy5taW5lY3JhZnQubmV0L3RleHR1cmUvNTMzOThhYjNjYjY5NmIzNDQzMGJlOTQ0YjE0YWZiZDIyN2ZkODdlOTkwMjZiY2ZjOGI3Mzg3YTg2MWJkZSJ9fX0=
Sandstone,https://minecraft-heads.com/custom-heads/blocks/28736-sandstone,1,eyJ0ZXh0dXJlcyI6eyJTS0lOIjp7InVybCI6Imh0dHA6Ly90ZXh0dXJlcy5taW5lY3JhZnQubmV0L3RleHR1cmUvNDhmODBlOWIyZDY1OTNhMzJkN2M0NGM4YmM4NjBmZWJhMzRiMzRmOGQ1NGQwY2RiNzIxMWUyM2U4ZGRjMzNhNCJ9fX0=
Sea Lantern,https://minecraft-heads.com/custom-heads/blocks/30007-sea-lantern,1,eyJ0ZXh0dXJlcyI6eyJTS0lOIjp7InVybCI6Imh0dHA6Ly90ZXh0dXJlcy5taW5lY3JhZnQubmV0L3RleHR1cmUvN2I1ZjNhOGE3YTUzMzhmZjhjMDFiZGQ0ZjViM2E1Y2FmNTQ5OWY0YzA0ZTg0ZTQyMzBkMDNmNDRjMzUyNWQ2ZCJ9fX0=
Sea Pickles,https://minecraft-heads.com/custom-heads/plants/20359-sea-pickles,1,eyJ0ZXh0dXJlcyI6eyJTS0lOIjp7InVybCI6Imh0dHA6Ly90ZXh0dXJlcy5taW5lY3JhZnQubmV0L3RleHR1cmUvOWFlZjVlNGViOTU4OWI1ZjQ4NmRhMDU0ZWMzNjY0NjEzYTQ5MTBlM2UyZjBmNjNlY2U1OTg1MTIwYjQxMzUzMCJ9fX0=
Shroomlight,https://minecraft-heads.com/custom-heads/blocks/34769-shroomlight,1,eyJ0ZXh0dXJlcyI6eyJTS0lOIjp7InVybCI6Imh0dHA6Ly90ZXh0dXJlcy5taW5lY3JhZnQubmV0L3RleHR1cmUvYjEzMTkyOTU1YWU0MTllMmM4NDMyMWQyODAzMjY5ZjUzMzg0Y2IwMjI4Yzc5MTY1Y2Q5NDBhNGNhY2VhNGIwZCJ9fX0=
Shulker box (black),https://minecraft-heads.com/custom-heads/decoration/13964-shulker-box-black,1,eyJ0ZXh0dXJlcyI6eyJTS0lOIjp7InVybCI6Imh0dHA6Ly90ZXh0dXJlcy5taW5lY3JhZnQubmV0L3RleHR1cmUvNmJiMzE5Nzk0NWQzZDE3ZDk3ZTZhM2Y0ZTJmM2RhMjBiYmJhYzg0YzgyOGM4OWY0YmVhMWEzODY2Yjc4NSJ9fX0=
Shulker box (blue),https://minecraft-heads.com/custom-heads/decoration/13958-shulker-box-blue,1,eyJ0ZXh0dXJlcyI6eyJTS0lOIjp7InVybCI6Imh0dHA6Ly90ZXh0dXJlcy5taW5lY3JhZnQubmV0L3RleHR1cmUvZDYxMjcxZDlhNTdmZWE1YThkMzhmYTgyMWU2NDY5ODEyYTIwMzcxNzYwNmEyNGIwN2I0MmMyYTZiYzczIn19fQ==
Shulker box (brown),https://minecraft-heads.com/custom-heads/decoration/13961-shulker-box-brown,1,eyJ0ZXh0dXJlcyI6eyJTS0lOIjp7InVybCI6Imh0dHA6Ly90ZXh0dXJlcy5taW5lY3JhZnQubmV0L3RleHR1cmUvZmI2ZWUzNzk0MGNmY2UzODdhZTU0ZTg4NGU0ZTY2ZDE2OWE2YTY4Mjg0NjE0MTk3ODllY2JiYTIyMWZjMjMifX19
Shulker box (cyan),https://minecraft-heads.com/custom-heads/decoration/13959-shulker-box-cyan,1,eyJ0ZXh0dXJlcyI6eyJTS0lOIjp7InVybCI6Imh0dHA6Ly90ZXh0dXJlcy5taW5lY3JhZnQubmV0L3RleHR1cmUvMTVhZWJhNzBjM2VjYTQ5ODMzNmY2NDkzNDQ1MWExOWJlYzA5YjRiZWZmNzRmOTlkYTRjNzY1MWUzNDBiMDMifX19
Shulker box (gray),https://minecraft-heads.com/custom-heads/decoration/13957-shulker-box-gray,1,eyJ0ZXh0dXJlcyI6eyJTS0lOIjp7InVybCI6Imh0dHA6Ly90ZXh0dXJlcy5taW5lY3JhZnQubmV0L3RleHR1cmUvOGM5MzYzNzhmN2IxYTcyYWM2NWI2YTI2YmY4NDZhZWNhMWVjZWYxZDlhMTVhNmJjYWJiODgyMmM4NTVmZWJhIn19fQ==
Shulker box (green),https://minecraft-heads.com/custom-heads/decoration/13965-shulker-box-green,1,eyJ0ZXh0dXJlcyI6eyJTS0lOIjp7InVybCI6Imh0dHA6Ly90ZXh0dXJlcy5taW5lY3JhZnQubmV0L3RleHR1cmUvNDc2ZDRjNWE4YTQxOTdkODZkM2ExNjQ3ZmQzZjllNmQ0OGUwZTBhYjdhOGFlMWU5YmU1MGY2N2UyNWMifX19
Shulker box (light blue),https://minecraft-heads.com/custom-heads/decoration/13962-shulker-box-light-blue,1,eyJ0ZXh0dXJlcyI6eyJTS0lOIjp7InVybCI6Imh0dHA6Ly90ZXh0dXJlcy5taW5lY3JhZnQubmV0L3RleHR1cmUvYWZiMTZiMjI0MDJlZTI3YTlhYTE0ZmVkMTA3ODcyYmM1YzRiNTJlMTMzODE1NDZmOGJjMTNkYjQ5OTU1MjkxNiJ9fX0=
Shulker box (light gray),https://minecraft-heads.com/custom-heads/decoration/13956-shulker-box-light-gray,1,eyJ0ZXh0dXJlcyI6eyJTS0lOIjp7InVybCI6Imh0dHA6Ly90ZXh0dXJlcy5taW5lY3JhZnQubmV0L3RleHR1cmUvNDg2ZGI0ODExNjJlZjE0NDE5MjUzNGU1MjkyYjRlNDgxZDlhNWM1OGJkOTRhYzc3YjE4ZDMzYmIzNDAyMSJ9fX0=
Shulker box (lime),https://minecraft-heads.com/custom-heads/decoration/13963-shulker-box-lime,1,eyJ0ZXh0dXJlcyI6eyJTS0lOIjp7InVybCI6Imh0dHA6Ly90ZXh0dXJlcy5taW5lY3JhZnQubmV0L3RleHR1cmUvYTI3MTZiMzc1MjNmNDUzZTE4NzFmMjI2M2Y4MjNjMjgwYmI4ZGQ3M2Q2OTZkNTI3YjllZWM4N2NkZjMyIn19fQ==
Shulker box (magenta),https://minecraft-heads.com/custom-heads/decoration/13966-shulker-box-magenta,1,eyJ0ZXh0dXJlcyI6eyJTS0lOIjp7InVybCI6Imh0dHA6Ly90ZXh0dXJlcy5taW5lY3JhZnQubmV0L3RleHR1cmUvNTUxY2YwNzVhMWY1MzMxNWQ3NjE4MjFjZWY3MmEyNWY2YzE1ZGQ5OGE3YTM4NzJmYzliZWM1OTdhYmMzYjEifX19
Shulker box (orange),https://minecraft-heads.com/custom-heads/decoration/13967-shulker-box-orange,1,eyJ0ZXh0dXJlcyI6eyJTS0lOIjp7InVybCI6Imh0dHA6Ly90ZXh0dXJlcy5taW5lY3JhZnQubmV0L3RleHR1cmUvOTQzYjhkYmQ1OTY3ZDgzYTliZjk5NzcxYzI2OGVkZjNjOWVmNmZiNmU2OWM5YWY2ZjNkN2JkNGNiZDlhOSJ9fX0=
Shulker box (pink),https://minecraft-heads.com/custom-heads/decoration/13971-shulker-box-pink,1,eyJ0ZXh0dXJlcyI6eyJTS0lOIjp7InVybCI6Imh0dHA6Ly90ZXh0dXJlcy5taW5lY3JhZnQubmV0L3RleHR1cmUvZjA4OGNjODJhNTk3NGYxMWYxYjg4ZGRjMTE0YjI2MjE2MWE0ZmJjMDkwZDIxMzQ0OTAzNTlhMjFlNDEyYSJ9fX0=
Shulker box (purple),https://minecraft-heads.com/custom-heads/decoration/18113-shulker-box-purple,1,eyJ0ZXh0dXJlcyI6eyJTS0lOIjp7InVybCI6Imh0dHA6Ly90ZXh0dXJlcy5taW5lY3JhZnQubmV0L3RleHR1cmUvNjY4NTE2MDAwM2VhYTkxMzVlMDJiMGMyODhiYzZmYzAyMzU2YmViYjAxYmE3MzE3ZmUxMTQzNWU5NjdmMGVjNSJ9fX0=
Shulker box (red),https://minecraft-heads.com/custom-heads/decoration/13969-shulker-box-red,1,eyJ0ZXh0dXJlcyI6eyJTS0lOIjp7InVybCI6Imh0dHA6Ly90ZXh0dXJlcy5taW5lY3JhZnQubmV0L3RleHR1cmUvNmViOTExZWE5NGI1YTFjZjc3ZjNjYTYzN2EzYjE2NjJiMzUxMjFiZDcyZTExODY1MTE4NGYyZmIxMDYwZDEifX19
Shulker box (undyed),https://minecraft-heads.com/custom-heads/decoration/13970-shulker-box-undyed,1,eyJ0ZXh0dXJlcyI6eyJTS0lOIjp7InVybCI6Imh0dHA6Ly90ZXh0dXJlcy5taW5lY3JhZnQubmV0L3RleHR1cmUvMjVjNGQyNGFmZmRkNDgxMDI2MjAzNjE1MjdkMjE1NmUxOGMyMjNiYWU1MTg5YWM0Mzk4MTU2NDNmM2NmZjlkIn19fQ==
Shulker box (white),https://minecraft-heads.com/custom-heads/decoration/13960-shulker-box-white,1,eyJ0ZXh0dXJlcyI6eyJTS0lOIjp7InVybCI6Imh0dHA6Ly90ZXh0dXJlcy5taW5lY3JhZnQubmV0L3RleHR1cmUvYjI1YjQ2YjVmYzU5M2IwODZlYmVjNTMyYzY2ZmMwMzFhOTQxNjEyZmM2ZGVmNTc1NjFkODNhOWNlYTIwZjcifX19
Shulker box (yellow),https://minecraft-heads.com/custom-heads/decoration/13968-shulker-box-yellow,1,eyJ0ZXh0dXJlcyI6eyJTS0lOIjp7InVybCI6Imh0dHA6Ly90ZXh0dXJlcy5taW5lY3JhZnQubmV0L3RleHR1cmUvZDcyNzc2M2RmMWQxYmE1OTc1MDdlNjE0YjZjNzEzMmEwODY5Yzc0NzJjNGZkYmJlY2Q5OTEzNGNkNTUifX19
Slime Ball,https://minecraft-heads.com/custom-heads/blocks/1157-slime-ball,1,eyJ0ZXh0dXJlcyI6eyJTS0lOIjp7InVybCI6Imh0dHA6Ly90ZXh0dXJlcy5taW5lY3JhZnQubmV0L3RleHR1cmUvNDkzNGE5ZjVhYjE3ODlhN2Q4ZGQ5NmQzMjQ5M2NkYWNmZjU3N2Q4YzgxZTdiMjM5MTdkZmYyZTMyYmQwYmMxMCJ9fX0=
Slime Block,https://minecraft-heads.com/custom-heads/blocks/1158-slime-block,1,eyJ0ZXh0dXJlcyI6eyJTS0lOIjp7InVybCI6Imh0dHA6Ly90ZXh0dXJlcy5taW5lY3JhZnQubmV0L3RleHR1cmUvOTBlNjVlNmU1MTEzYTUxODdkYWQ0NmRmYWQzZDNiZjg1ZThlZjgwN2Y4MmFhYzIyOGE1OWM0YTk1ZDZmNmEifX19
Smooth Quartz,https://minecraft-heads.com/custom-heads/blocks/29855-smooth-quartz,1,eyJ0ZXh0dXJlcyI6eyJTS0lOIjp7InVybCI6Imh0dHA6Ly90ZXh0dXJlcy5taW5lY3JhZnQubmV0L3RleHR1cmUvYzkyYjJiMDQxNGNlZTM2YjI0ZDgzZjVjZmEwNzFkODYzODUyNzI0OWMyZGNkZGZhNTgwYmUzN2UwN2M2MGUwOCJ9fX0=
Smooth Red Sandstone,https://minecraft-heads.com/custom-heads/blocks/29854-smooth-red-sandstone,1,eyJ0ZXh0dXJlcyI6eyJTS0lOIjp7InVybCI6Imh0dHA6Ly90ZXh0dXJlcy5taW5lY3JhZnQubmV0L3RleHR1cmUvZDIzYjczMDcxNDBmOWZkNzU3YmNlY2JlYjg1NzM0ZjFlYWZkMDU3NGFlZWQ5ZTkzNWJiMWRiMzQ5NDlkMzM4OSJ9fX0=
Smooth Sandstone,https://minecraft-heads.com/custom-heads/blocks/29853-smooth-sandstone,1,eyJ0ZXh0dXJlcyI6eyJTS0lOIjp7InVybCI6Imh0dHA6Ly90ZXh0dXJlcy5taW5lY3JhZnQubmV0L3RleHR1cmUvYzNmZTI0YTkxZTE0OTQ0ODYxZmYzN2M3YTYwZTE4YzVmYzU0YTQxYTg1MzFmOWJhNjEyNGQxNTI5MjI0OTgyNCJ9fX0=
Snow Block,https://minecraft-heads.com/custom-heads/blocks/1099-snow-block,1,eyJ0ZXh0dXJlcyI6eyJTS0lOIjp7InVybCI6Imh0dHA6Ly90ZXh0dXJlcy5taW5lY3JhZnQubmV0L3RleHR1cmUvNWRkNmZlMjY3YTQxOGRjYzdmMzdhOGY3Njg1NWI1MzI4YjEzMDM4OTdiMzQyYTEwN2NmMTYyZjE0ZmUzZCJ9fX0=
Snow Block,https://minecraft-heads.com/custom-heads/blocks/1099-snow-block,1,eyJ0ZXh0dXJlcyI6eyJTS0lOIjp7InVybCI6Imh0dHA6Ly90ZXh0dXJlcy5taW5lY3JhZnQubmV0L3RleHR1cmUvNWRkNmZlMjY3YTQxOGRjYzdmMzdhOGY3Njg1NWI1MzI4YjEzMDM4OTdiMzQyYTEwN2NmMTYyZjE0ZmUzZCJ9fX0=
Snowball,https://minecraft-heads.com/custom-heads/blocks/19512-snowball,1,eyJ0ZXh0dXJlcyI6eyJTS0lOIjp7InVybCI6Imh0dHA6Ly90ZXh0dXJlcy5taW5lY3JhZnQubmV0L3RleHR1cmUvMWRmZDc3MjRjNjlhMDI0ZGNmYzYwYjE2ZTAwMzM0YWI1NzM4ZjRhOTJiYWZiOGZiYzc2Y2YxNTMyMmVhMDI5MyJ9fX0=
Snowy Grass,https://minecraft-heads.com/custom-heads/blocks/103-snowy-grass,1,eyJ0ZXh0dXJlcyI6eyJTS0lOIjp7InVybCI6Imh0dHA6Ly90ZXh0dXJlcy5taW5lY3JhZnQubmV0L3RleHR1cmUvNDNjNTJlYWU3NDdjYWQ1YjRmZDE5YjFhMjNiMzlhMzM2YjYyZWQ0MjI3OTdhNjIyZDA0NWY0M2U1ZDM4In19fQ==
Soul Sand,https://minecraft-heads.com/custom-heads/blocks/29462-soul-sand,1,eyJ0ZXh0dXJlcyI6eyJTS0lOIjp7InVybCI6Imh0dHA6Ly90ZXh0dXJlcy5taW5lY3JhZnQubmV0L3RleHR1cmUvZjA4ZDU5Mzc2NmM1NWU0MmI0OTUzYTY4YmY2ZjM0ODI1NTMxODg0MDgxYzE1MGMxNjZjODExMDI3OWM5ZjJhNSJ9fX0=
Spawner,https://minecraft-heads.com/custom-heads/decoration/37807-spawner,1,eyJ0ZXh0dXJlcyI6eyJTS0lOIjp7InVybCI6Imh0dHA6Ly90ZXh0dXJlcy5taW5lY3JhZnQubmV0L3RleHR1cmUvNGViMDdlZWEzODBhZjU4ZGM5MWVlZWUxNWQ5NWQ4NzkwYTA3ODFjNjk1ZWMwYThmZDhmZTMxZDQ4MzljYTU2MiJ9fX0=
Spruce Log,https://minecraft-heads.com/custom-heads/blocks/1654-spruce-log,1,eyJ0ZXh0dXJlcyI6eyJTS0lOIjp7InVybCI6Imh0dHA6Ly90ZXh0dXJlcy5taW5lY3JhZnQubmV0L3RleHR1cmUvZDI2ZWVmZDg3MjYzY2M0ODVjMTdjYjVmODE4ZWUzYmFkOTNjYTc2OTEzODVjYjVlNWQ2OThhZmY3MzNhMyJ9fX0=
Spruce Log (rounded - sideways),https://minecraft-heads.com/custom-heads/blocks/1927-spruce-log-rounded,1,eyJ0ZXh0dXJlcyI6eyJTS0lOIjp7InVybCI6Imh0dHA6Ly90ZXh0dXJlcy5taW5lY3JhZnQubmV0L3RleHR1cmUvMzcxZGFkZWM1ZTc2NTY3YjQ4OTkzOWRmNmIyMjAyMjJmMzlkZGE2NmQ1MzRkYmExYWIyZDAzNmNkODRmOSJ9fX0=
Spruce Log (rounded),https://minecraft-heads.com/custom-heads/blocks/1933-spruce-log-rounded,1,eyJ0ZXh0dXJlcyI6eyJTS0lOIjp7InVybCI6Imh0dHA6Ly90ZXh0dXJlcy5taW5lY3JhZnQubmV0L3RleHR1cmUvNDI3ZWVhYjZiMDFjNjFjODBiNDQ0OWEwNWU5MmQzNWNiMDVkMzM2NTQ0YzljYmFmNDhjMTYxNGU4NDkyMCJ9fX0=
Spruce Planks,https://minecraft-heads.com/custom-heads/blocks/29402-spruce-planks,1,eyJ0ZXh0dXJlcyI6eyJTS0lOIjp7InVybCI6Imh0dHA6Ly90ZXh0dXJlcy5taW5lY3JhZnQubmV0L3RleHR1cmUvNjUxODBkYTVhZTZiMjMwZTcwZTQ1Y2QyZjZlNTBjODk4OGZlYTAxY2NkMjhkYWQzM2I4YjE2MGM5ZDgwZjc1NSJ9fX0=
Sticky Piston,https://minecraft-heads.com/custom-heads/decoration/766-sticky-piston,1,eyJ0ZXh0dXJlcyI6eyJTS0lOIjp7InVybCI6Imh0dHA6Ly90ZXh0dXJlcy5taW5lY3JhZnQubmV0L3RleHR1cmUvN2NhNGQyMThkZjlkMzJjZDQ3ZDljMWQyOTQ4NzcxMjJiZTU5MTliNDE4YTZjYzNkMDg5MTYyYjEzM2YyZGIifX19
Stone,https://minecraft-heads.com/custom-heads/blocks/8656-stone,1,eyJ0ZXh0dXJlcyI6eyJTS0lOIjp7InVybCI6Imh0dHA6Ly90ZXh0dXJlcy5taW5lY3JhZnQubmV0L3RleHR1cmUvMTU0ODE4MjMzYzgxMTg3M2U4NWY1YTRlYTQ0MjliNzVmMjNiNmFlMGVhNmY1ZmMwZjdiYjQyMGQ3YzQ3MSJ9fX0=
Stone Bricks,https://minecraft-heads.com/custom-heads/blocks/114-stone-bricks,1,eyJ0ZXh0dXJlcyI6eyJTS0lOIjp7InVybCI6Imh0dHA6Ly90ZXh0dXJlcy5taW5lY3JhZnQubmV0L3RleHR1cmUvODhiNzY3YzhhMWVhOGU0MDRiM2NjYTg1MzQ5ZjY1M2I1N2IwYzNmNDY0MjdmYmVjZWFjY2YzNjAyYmMyOWUifX19
Strider Spawner,https://minecraft-heads.com/custom-heads/decoration/36412-strider-spawner,1,eyJ0ZXh0dXJlcyI6eyJTS0lOIjp7InVybCI6Imh0dHA6Ly90ZXh0dXJlcy5taW5lY3JhZnQubmV0L3RleHR1cmUvODUzNDUxYjhlNDg2ZTEyMDQ5ZjIxY2RjM2I3OWRkNDA1YjFmZjEzMGVlZjdjMThhODIxZWJjNmVlMGFmMzNkMyJ9fX0=
Stripped Crimson Stem (sideways),https://minecraft-heads.com/custom-heads/blocks/36085-stripped-crimson-stem-sideways,1,eyJ0ZXh0dXJlcyI6eyJTS0lOIjp7InVybCI6Imh0dHA6Ly90ZXh0dXJlcy5taW5lY3JhZnQubmV0L3RleHR1cmUvMjAwOTU5OWQ4NWQ3Y2E2NzgzY2U5MWRiOTljYmJjNTA4YmU0ZDZjZjVmNTU0YjA0OWFjYzE1YmVkZjZlYjA5MiJ9fX0=
Stripped Warped Stem,https://minecraft-heads.com/custom-heads/blocks/34746-stripped-warped-stem,1,eyJ0ZXh0dXJlcyI6eyJTS0lOIjp7InVybCI6Imh0dHA6Ly90ZXh0dXJlcy5taW5lY3JhZnQubmV0L3RleHR1cmUvNjVjYjVkYTFjMmVlZDQzYmY2ODUxODllMDgwMjlmYzJhZWVlZGZhZTFjNmEyMTRlNzBmNzRiOGEzMjExYjBhIn19fQ==
Stripped Warped Stem (sideways),https://minecraft-heads.com/custom-heads/blocks/36083-stripped-warped-stem-sideways,1,eyJ0ZXh0dXJlcyI6eyJTS0lOIjp7InVybCI6Imh0dHA6Ly90ZXh0dXJlcy5taW5lY3JhZnQubmV0L3RleHR1cmUvYjExOTRhZDQ4NzY1YTY5ZTNhOWI0YjI5Mjk1ZmY5ZWU3YTIzNmQ0NjI2M2YzMjM1MzNkNjZlZDAxODFiZDllMCJ9fX0=
Terracotta,https://minecraft-heads.com/custom-heads/blocks/29445-terracotta,1,eyJ0ZXh0dXJlcyI6eyJTS0lOIjp7InVybCI6Imh0dHA6Ly90ZXh0dXJlcy5taW5lY3JhZnQubmV0L3RleHR1cmUvYWYyMDFkZDc1MzkxODM3NzY2NzE1ZjFkMWY0MDFhZjFkMzU3MDAwMjJlNjk4OGE2MDFiMGVlZWIzNGY0ZjFmYiJ9fX0=
Tube Coral,https://minecraft-heads.com/custom-heads/blocks/18250-tube-coral,1,eyJ0ZXh0dXJlcyI6eyJTS0lOIjp7InVybCI6Imh0dHA6Ly90ZXh0dXJlcy5taW5lY3JhZnQubmV0L3RleHR1cmUvMzlmYzNjZjU1MDhkNDBjMTQ2OTlkNWJmN2YyNTI3NTllMTk1NmFmOWE2NmQxNWE2YzM4NTQzNzhjNjFmNmQ5YSJ9fX0=
Warped Fungus,https://minecraft-heads.com/custom-heads/plants/34786-warped-fungus,1,eyJ0ZXh0dXJlcyI6eyJTS0lOIjp7InVybCI6Imh0dHA6Ly90ZXh0dXJlcy5taW5lY3JhZnQubmV0L3RleHR1cmUvYzQyNTE4Mjc4YjZhODg3MDE0Y2E3ZjczZDY5MGJiM2MwZjg3ZjE5MGMwYTI1ZThhY2ZmZjVkYjIwMWZiYTIxNyJ9fX0=
Warped Hyphae,https://minecraft-heads.com/custom-heads/blocks/36276-warped-hyphae,1,eyJ0ZXh0dXJlcyI6eyJTS0lOIjp7InVybCI6Imh0dHA6Ly90ZXh0dXJlcy5taW5lY3JhZnQubmV0L3RleHR1cmUvMjA5NmIwZDdlZGRmN2IwNTlmYjQwY2ExNmZmMjllOGZjYWU4NTI3NTEyZTJjN2UwZjY3MTdjNGZlYmQ3YjBjNSJ9fX0=
Warped Nylium,https://minecraft-heads.com/custom-heads/blocks/34757-warped-nylium,1,eyJ0ZXh0dXJlcyI6eyJTS0lOIjp7InVybCI6Imh0dHA6Ly90ZXh0dXJlcy5taW5lY3JhZnQubmV0L3RleHR1cmUvNjFmOTFlNzczODQ3MDQ1ODA3MDRhOWY0NTcwYWM1NGU0YjM2YzE3NTdjNWFkYWI2NWNjNDU0ZTZmZmYyZDNiMCJ9fX0=
Warped Planks,https://minecraft-heads.com/custom-heads/blocks/34745-warped-planks,1,eyJ0ZXh0dXJlcyI6eyJTS0lOIjp7InVybCI6Imh0dHA6Ly90ZXh0dXJlcy5taW5lY3JhZnQubmV0L3RleHR1cmUvMWJmYzc5MTgyNDdkNGU1YjU2YjA1ZGJhMDk1OGRkZjQ2MmM1ZTM1ZDJmZGNiMDgzNjQ4NmZkYzZlODEwNDEyMiJ9fX0=
Warped Stem,https://minecraft-heads.com/custom-heads/blocks/34747-warped-stem,1,eyJ0ZXh0dXJlcyI6eyJTS0lOIjp7InVybCI6Imh0dHA6Ly90ZXh0dXJlcy5taW5lY3JhZnQubmV0L3RleHR1cmUvNGFhNGJiNGE3ODJhNjM2NzJhMzM5YTc0Y2QxNzMxMTlkYjA5YTA0NTY4NTA0MDVhMzRjN2MwZjRiZmRiOWQxNSJ9fX0=
Warped Stem (sideways),https://minecraft-heads.com/custom-heads/blocks/36084-warped-stem-sideways,1,eyJ0ZXh0dXJlcyI6eyJTS0lOIjp7InVybCI6Imh0dHA6Ly90ZXh0dXJlcy5taW5lY3JhZnQubmV0L3RleHR1cmUvYzkzODE3OWVlMWM2YjlkZWRlMWJiNWJiMmJkNTg5MDcwOGY2N2M4NWM3NDZiMTk4Njg2NzIyOWY3MjNiYmI1MCJ9fX0=
Water,https://minecraft-heads.com/custom-heads/blocks/13980-water,1,eyJ0ZXh0dXJlcyI6eyJTS0lOIjp7InVybCI6Imh0dHA6Ly90ZXh0dXJlcy5taW5lY3JhZnQubmV0L3RleHR1cmUvMzRmY2JjMjU2ZDBiZTdlNjgzYWY4NGUzOGM0YmNkYjcxYWZiOTM5ODUzOGEyOWFhOTZjYmZhMzE4YjJlYSJ9fX0=
Wet Sponge,https://minecraft-heads.com/custom-heads/blocks/29470-wet-sponge,1,eyJ0ZXh0dXJlcyI6eyJTS0lOIjp7InVybCI6Imh0dHA6Ly90ZXh0dXJlcy5taW5lY3JhZnQubmV0L3RleHR1cmUvMjExYWIzZjBmNmMzYzg0OGMxNjk2YWJiOTU1YTdiZmRmOTRhOWM5MDIzMDM1ZDc5ZmQxM2Y0YmQxZTFiZDcyMCJ9fX0=
Wool (black),https://minecraft-heads.com/custom-heads/blocks/18236-wool-black,1,eyJ0ZXh0dXJlcyI6eyJTS0lOIjp7InVybCI6Imh0dHA6Ly90ZXh0dXJlcy5taW5lY3JhZnQubmV0L3RleHR1cmUvY2ZhNGRkYTZkMTlhMWZlMmQ5ODhkNjVkZWM1MzQyOTUwNTMwODE2NmM5MDY3YjY4YTQ3NzBjYTVjNDM2Y2Y5NCJ9fX0=
Wool (blue),https://minecraft-heads.com/custom-heads/blocks/18227-wool-blue,1,eyJ0ZXh0dXJlcyI6eyJTS0lOIjp7InVybCI6Imh0dHA6Ly90ZXh0dXJlcy5taW5lY3JhZnQubmV0L3RleHR1cmUvZWE4MWZjYjUxYmUyYTlmODliMWFkYzlkODcyMzliYTQyOWQ2MzVmYmUwMWIzN2VjMzI5MTY0ODg3YmY2NjViIn19fQ==
Wool (brown),https://minecraft-heads.com/custom-heads/blocks/18235-wool-brown,1,eyJ0ZXh0dXJlcyI6eyJTS0lOIjp7InVybCI6Imh0dHA6Ly90ZXh0dXJlcy5taW5lY3JhZnQubmV0L3RleHR1cmUvMjJjYmQ5ZjQzNjE5YWI1Y2IxYjExZjkxY2IwM2U5NTVjNmZjNmM0NThhYmY4OWFiNjEwMzEzNDZhMDkwNjEyZSJ9fX0=
Wool (cyan),https://minecraft-heads.com/custom-heads/blocks/18229-wool-cyan,1,eyJ0ZXh0dXJlcyI6eyJTS0lOIjp7InVybCI6Imh0dHA6Ly90ZXh0dXJlcy5taW5lY3JhZnQubmV0L3RleHR1cmUvMWZhZGY3NDFhYjc2Y2QzNjIwYWQxNjEzMDAyMDJkN2I1OWEzMzA1MWU1OTY3ZTRiNjE5NGJhYzQwYmIyODBmZiJ9fX0=
Wool (gray),https://minecraft-heads.com/custom-heads/blocks/18237-wool-gray,1,eyJ0ZXh0dXJlcyI6eyJTS0lOIjp7InVybCI6Imh0dHA6Ly90ZXh0dXJlcy5taW5lY3JhZnQubmV0L3RleHR1cmUvYWRmMjFmNTMyMTIyNTY2YWY4OTNkYTI3ODgwYTFiNjA5NWMzNTcxMmYyOWEzNzhjZmVjYzdmZTJiMTMyOGFiNCJ9fX0=
Wool (green),https://minecraft-heads.com/custom-heads/blocks/18230-wool-green,1,eyJ0ZXh0dXJlcyI6eyJTS0lOIjp7InVybCI6Imh0dHA6Ly90ZXh0dXJlcy5taW5lY3JhZnQubmV0L3RleHR1cmUvNTM1ODFjMmY5Y2YzNThkN2VkYzc4ZGQ2ZmQ0YjYyNTc1MDFiYzRlNjQ1NWUzM2ZhMGNhYWUyMDdjZjAzMjFhMiJ9fX0=
Wool (light blue),https://minecraft-heads.com/custom-heads/blocks/18228-wool-light-blue,1,eyJ0ZXh0dXJlcyI6eyJTS0lOIjp7InVybCI6Imh0dHA6Ly90ZXh0dXJlcy5taW5lY3JhZnQubmV0L3RleHR1cmUvMTYzZTY2NDZmMWMwZDQxZmQzYmY1NTg0YTFjZTA0NGY1YzQ2ZDU5ODI1OGRiNDYyMTYxMTc4NTlmNTdhZjE5NyJ9fX0=
Wool (light gray),https://minecraft-heads.com/custom-heads/blocks/18238-wool-light-gray,1,eyJ0ZXh0dXJlcyI6eyJTS0lOIjp7InVybCI6Imh0dHA6Ly90ZXh0dXJlcy5taW5lY3JhZnQubmV0L3RleHR1cmUvNTUyODhkZGM5MTFhNzVmNzdjM2E1ZDMzNjM2NWE4ZjhiMTM5ZmE1MzkzMGI0YjZlZTEzOTg3NWM4MGNlMzY2YyJ9fX0=
Wool (lime),https://minecraft-heads.com/custom-heads/blocks/18231-wool-lime,1,eyJ0ZXh0dXJlcyI6eyJTS0lOIjp7InVybCI6Imh0dHA6Ly90ZXh0dXJlcy5taW5lY3JhZnQubmV0L3RleHR1cmUvNzc0NzJkNjA4ODIxZjQ1YTg4MDUzNzZlYzBjNmZmY2I3ODExNzgyOWVhNWY5NjAwNDFjMmEwOWQxMGUwNGNiNCJ9fX0=
Wool (magenta),https://minecraft-heads.com/custom-heads/blocks/18225-wool-magenta,1,eyJ0ZXh0dXJlcyI6eyJTS0lOIjp7InVybCI6Imh0dHA6Ly90ZXh0dXJlcy5taW5lY3JhZnQubmV0L3RleHR1cmUvZjk3MDEyZWQ2YTkyYjA1ZWEwZjE5NDk1MDc0ODU0NGUwNzViYWEyODc4MWNhMzczZDFiMjdlMjhjMjY5NTNjIn19fQ==
Wool (orange),https://minecraft-heads.com/custom-heads/blocks/18233-wool-orange,1,eyJ0ZXh0dXJlcyI6eyJTS0lOIjp7InVybCI6Imh0dHA6Ly90ZXh0dXJlcy5taW5lY3JhZnQubmV0L3RleHR1cmUvYWRmMmViMjA1YTIzYzExOTZiM2VjZjIxZTY4YzA3NmI2OTZlNzYxNjNhYzhmYzRmYjlmNTMxOGMyYTVlNWIxYSJ9fX0=
Wool (pink),https://minecraft-heads.com/custom-heads/blocks/18224-wool-pink,1,eyJ0ZXh0dXJlcyI6eyJTS0lOIjp7InVybCI6Imh0dHA6Ly90ZXh0dXJlcy5taW5lY3JhZnQubmV0L3RleHR1cmUvZDA4ODM2NTBlYTkyOWRiMGVhYmRmNWJjNzU1OTlkOGVmMDBkNzAzNDBjZDFjZTVlMDRhZDk1ZWY4ZWQ4M2I3MyJ9fX0=
Wool (purple),https://minecraft-heads.com/custom-heads/blocks/18226-wool-purple,1,eyJ0ZXh0dXJlcyI6eyJTS0lOIjp7InVybCI6Imh0dHA6Ly90ZXh0dXJlcy5taW5lY3JhZnQubmV0L3RleHR1cmUvODllYzVhMzAyMjJkMDY1OWIwZGJlZTg0NGI4ZjUzZWFlNjJmZTk1YjRhMzQ0OGE5ZWY3OTBhN2FlZGIyOTZkOSJ9fX0=
Wool (red),https://minecraft-heads.com/custom-heads/blocks/18234-wool-red,1,eyJ0ZXh0dXJlcyI6eyJTS0lOIjp7InVybCI6Imh0dHA6Ly90ZXh0dXJlcy5taW5lY3JhZnQubmV0L3RleHR1cmUvNjk1M2IxMmEwOTQ2YjYyOWI0YzA4ODlkNDFmZDI2ZWQyNmZiNzI5ZDRkNTE0YjU5NzI3MTI0YzM3YmI3MGQ4ZCJ9fX0=
Wool (white),https://minecraft-heads.com/custom-heads/blocks/18239-wool-white,1,eyJ0ZXh0dXJlcyI6eyJTS0lOIjp7InVybCI6Imh0dHA6Ly90ZXh0dXJlcy5taW5lY3JhZnQubmV0L3RleHR1cmUvZDA4ZGY2MGM1MTA3NGVlZjI1NDRmZjM4Y2VhZDllMTY2NzVhZTQyNTE5MTYxMDUxODBlMWY4Y2UxOTdhYjNiYyJ9fX0=
Wool (yellow),https://minecraft-heads.com/custom-heads/blocks/18232-wool-yellow,1,eyJ0ZXh0dXJlcyI6eyJTS0lOIjp7InVybCI6Imh0dHA6Ly90ZXh0dXJlcy5taW5lY3JhZnQubmV0L3RleHR1cmUvNGQ5MDUyNjlhY2NhYjI0YjExOTI0ZWJhOGJkOTI5OTFiOGQ4NWNlNDI3NjAyN2ExNjM2YzkzMWI2ZDA2Yzg5ZSJ9fX0=